Player,Team,G,GS,CG,SHO,IP,H,ER,K,BB,HR,W,L,SV,BS,HLD,ERA,WHIP
Justin Verlander,HOU,34,34,2,1,223.0,137,64,300,42,36,21,6,0,0,0,2.58,0.80
Shane Bieber,CLE,34,33,3,2,214.1,186,78,259,40,31,15,8,0,0,0,3.28,1.05
Gerrit Cole,HOU,33,33,0,0,212.1,142,59,326,48,29,20,5,0,0,0,2.50,0.89
Stephen Strasburg,WAS,33,33,0,0,209.0,161,77,251,56,24,18,6,0,0,0,3.32,1.04
Mike Minor,TEX,32,32,2,1,208.1,190,83,200,68,30,14,10,0,0,0,3.59,1.24
Lance Lynn,TEX,33,33,0,0,208.1,195,85,246,59,21,16,11,0,0,0,3.67,1.22
Madison Bumgarner,SF,34,34,0,0,207.2,191,90,203,43,30,9,9,0,0,0,3.90,1.13
Jacob deGrom,NYM,32,32,0,0,204.0,154,55,255,44,19,11,8,0,0,0,2.43,0.97
Eduardo Rodriguez,BOS,34,34,0,0,203.1,195,86,213,75,24,19,6,0,0,0,3.81,1.33
Marco Gonzales,SEA,34,34,0,0,203.0,210,90,147,56,23,16,13,0,0,0,3.99,1.31
Aaron Nola,PHI,34,34,0,0,202.1,176,87,229,80,27,12,7,0,0,0,3.87,1.27
Patrick Corbin,WAS,33,33,1,1,202.0,169,73,238,70,24,14,7,0,0,0,3.25,1.18
Jose Berrios,MIN,32,32,1,0,200.1,194,82,195,51,26,14,8,0,0,0,3.68,1.22
Noah Syndergaard,NYM,32,32,1,1,197.2,194,94,202,50,24,10,8,0,0,0,4.28,1.23
Sandy Alcantara,MIA,32,32,2,2,197.1,179,85,151,81,23,6,14,0,0,0,3.88,1.32
Jack Flaherty,STL,33,33,0,0,196.1,135,60,231,55,25,11,8,0,0,0,2.75,0.97
Zack Wheeler,NYM,31,31,0,0,195.1,196,86,195,50,22,11,8,0,0,0,3.96,1.26
Charlie Morton,TB,33,33,0,0,194.2,154,66,240,57,15,16,6,0,0,0,3.05,1.08
Luis Castillo,CIN,32,32,0,0,190.2,139,72,226,79,22,15,8,0,0,0,3.40,1.14
Ivan Nova,CWS,34,34,2,0,187.0,225,98,114,47,30,11,12,0,0,0,4.72,1.45
Matthew Boyd,DET,32,32,0,0,185.1,178,94,238,50,39,9,12,0,0,0,4.56,1.23
Mike Fiers,OAK,33,33,1,1,184.2,166,80,126,53,30,15,4,0,0,0,3.90,1.19
Reynaldo Lopez,CWS,33,33,1,0,184.0,203,110,169,65,35,10,15,0,0,0,5.38,1.46
Miles Mikolas,STL,32,32,1,1,184.0,193,85,144,32,27,9,14,0,0,0,4.16,1.22
Merrill Kelly,ARI,32,32,0,0,183.1,184,90,158,57,29,13,14,0,0,0,4.42,1.31
Hyun-Jin Ryu,LAD,29,29,1,1,182.2,160,47,163,24,17,14,5,0,0,0,2.32,1.01
Walker Buehler,LAD,30,30,2,0,182.1,153,66,215,37,20,14,4,0,0,0,3.26,1.04
Masahiro Tanaka,NYY,32,31,1,1,182.0,186,90,149,40,28,11,9,0,0,0,4.45,1.24
Jeff Samardzija,SF,32,32,0,0,181.1,152,71,140,49,28,11,12,0,0,0,3.52,1.11
Yu Darvish,CHC,31,31,0,0,178.2,140,79,229,56,33,6,8,0,0,0,3.98,1.10
Clayton Kershaw,LAD,29,28,0,0,178.1,145,60,189,41,28,16,5,0,0,0,3.03,1.04
Kyle Hendricks,CHC,30,30,1,1,177.0,168,68,150,32,19,11,10,0,0,0,3.46,1.13
Lucas Giolito,CWS,29,29,3,2,176.2,131,67,228,57,24,14,9,0,0,0,3.41,1.06
Brett Anderson,OAK,31,31,0,0,176.0,181,76,90,49,20,13,9,0,0,0,3.89,1.31
Jakob Junis,KC,31,31,0,0,175.1,192,102,164,58,31,9,14,0,0,0,5.24,1.43
Sonny Gray,CIN,31,31,0,0,175.1,122,56,205,68,17,11,8,0,0,0,2.87,1.08
Mike Soroka,ATL,29,29,0,0,174.2,153,52,142,41,14,13,4,0,0,0,2.68,1.11
Julio Teheran,ATL,33,33,0,0,174.2,148,74,162,83,22,10,11,0,0,0,3.81,1.32
Dakota Hudson,STL,33,32,0,0,174.2,160,65,136,86,22,16,7,1,0,0,3.35,1.41
Robbie Ray,ARI,33,33,0,0,174.1,150,84,235,84,30,12,8,0,0,0,4.34,1.34
Rick Porcello,BOS,32,32,0,0,174.1,198,107,143,45,31,14,12,0,0,0,5.52,1.39
German Marquez,COL,28,28,1,1,174.0,174,92,175,35,29,12,5,0,0,0,4.76,1.20
Max Scherzer,WAS,27,27,0,0,172.1,144,56,243,33,18,11,7,0,0,0,2.92,1.03
Adam Wainwright,STL,31,31,0,0,171.2,181,80,153,64,22,14,10,0,0,0,4.19,1.43
Jon Lester,CHC,31,31,0,0,171.2,205,85,165,52,26,13,10,0,0,0,4.46,1.50
Jose Quintana,CHC,32,31,0,0,171.0,191,89,152,46,20,13,9,0,0,0,4.68,1.39
Joe Musgrove,PIT,32,31,0,0,170.1,168,84,157,39,21,11,12,0,0,1,4.44,1.22
Wade Miley,HOU,33,33,0,0,167.1,164,74,140,61,23,14,6,0,0,0,3.98,1.34
Anthony DeSclafani,CIN,31,31,0,0,166.2,151,72,167,49,29,9,9,0,0,0,3.89,1.20
Anibal Sanchez,WAS,30,30,0,0,166.0,153,71,134,58,22,11,8,0,0,0,3.85,1.27
Max Fried,ATL,33,30,1,0,165.2,174,74,173,47,21,17,6,0,0,0,4.02,1.33
Brad Keller,KC,28,28,0,0,165.1,154,77,122,70,15,7,14,0,0,0,4.19,1.35
Martin Perez,MIN,32,29,0,0,165.1,184,94,135,67,23,10,7,0,0,0,5.12,1.52
Joey Lucchesi,SD,30,30,0,0,163.2,144,76,158,56,23,10,10,0,0,0,4.18,1.22
Zach Eflin,PHI,32,28,2,1,163.1,172,75,129,48,28,10,13,0,0,0,4.13,1.35
Yusei Kikuchi,SEA,32,32,1,1,161.2,195,98,116,50,36,6,11,0,0,0,5.46,1.52
Dylan Bundy,BAL,30,30,0,0,161.2,161,86,162,58,29,7,14,0,0,0,4.79,1.35
J.A. Happ,NYY,31,30,0,0,161.1,160,88,140,49,34,12,8,0,0,0,4.91,1.30
Steven Matz,NYM,32,30,1,1,160.1,163,75,153,52,27,11,10,0,0,1,4.21,1.34
Kyle Gibson,MIN,34,29,0,0,160.0,175,86,160,56,23,13,7,0,1,2,4.84,1.44
Zach Davies,MIL,31,31,0,0,159.2,155,63,102,51,20,10,7,0,0,0,3.55,1.29
Jake Odorizzi,MIN,30,30,0,0,159.0,139,62,178,53,16,15,7,0,0,0,3.51,1.21
Trevor Bauer,CLE,24,24,1,1,156.2,127,66,185,63,22,9,8,0,0,0,3.79,1.21
John Means,BAL,31,27,0,0,155.0,138,62,121,38,23,12,11,0,0,0,3.60,1.14
Trent Thornton,TOR,32,29,0,0,154.1,156,83,149,61,24,6,9,0,0,0,4.84,1.41
Kenta Maeda,LAD,37,26,0,0,153.2,114,69,169,51,22,10,8,3,0,4,4.04,1.07
Caleb Smith,MIA,28,28,0,0,153.1,128,77,168,60,33,10,11,0,0,0,4.52,1.23
James Paxton,NYY,29,29,0,0,150.2,138,64,186,55,23,15,6,0,0,0,3.82,1.28
Jon Gray,COL,26,25,0,0,150.0,147,64,150,56,19,11,8,0,0,0,3.84,1.35
Eric Lauer,SD,30,29,0,0,149.2,158,74,138,51,20,8,10,0,0,0,4.45,1.40
Spencer Turnbull,DET,30,30,0,0,148.1,154,76,146,59,14,3,17,0,0,0,4.61,1.44
Chris Sale,BOS,25,25,1,1,147.1,123,72,218,37,24,6,11,0,0,0,4.40,1.09
Zack Greinke,ARI,23,23,0,0,146.0,117,47,135,21,15,10,4,0,0,0,2.90,0.95
Michael Pineda,MIN,26,26,0,0,146.0,141,65,140,28,23,11,5,0,0,0,4.01,1.16
Trevor Williams,PIT,26,26,0,0,145.2,162,87,113,44,27,7,9,0,0,0,5.38,1.41
Daniel Norris,DET,32,29,0,0,144.1,154,72,125,38,25,3,13,0,0,0,4.49,1.33
Chris Bassitt,OAK,28,25,0,0,144.0,125,61,141,47,21,10,5,0,0,0,3.81,1.19
Domingo German,NYY,27,24,0,0,143.0,125,64,153,39,30,18,4,0,0,0,4.03,1.15
Cole Hamels,CHC,27,27,0,0,141.2,141,60,143,56,17,7,7,0,0,0,3.81,1.39
Ryan Yarbrough,TB,28,14,0,0,141.2,121,65,117,20,15,11,6,0,0,0,4.13,1.00
Chris Paddack,SD,26,26,0,0,140.2,107,52,153,31,23,9,7,0,0,0,3.33,0.98
Chase Anderson,MIL,32,27,0,0,139.0,126,65,124,50,23,8,4,0,0,0,4.21,1.27
Mike Leake,SEA,22,22,2,1,137.0,153,65,100,19,26,9,8,0,0,0,4.27,1.26
Glenn Sparkman,KC,31,23,1,1,136.0,164,91,81,41,30,4,11,0,0,0,6.02,1.51
Jake Arrieta,PHI,24,24,0,0,135.2,149,70,110,51,21,8,8,0,0,0,4.64,1.47
Yonny Chirinos,TB,26,18,0,0,133.1,112,57,114,28,23,9,5,0,0,0,3.85,1.05
Danny Duffy,KC,23,23,0,0,130.2,125,63,115,46,21,7,6,0,0,0,4.34,1.31
Tyler Mahle,CIN,25,25,0,0,129.2,136,74,129,34,25,3,12,0,0,0,5.14,1.31
Michael Wacha,STL,29,24,0,0,126.2,143,67,104,55,26,6,7,0,0,0,4.76,1.56
Mike Clevinger,CLE,21,21,0,0,126.0,96,38,169,37,10,13,4,0,0,0,2.71,1.06
Adrian Sampson,TEX,35,15,1,0,125.1,156,82,101,36,29,6,8,0,0,0,5.89,1.53
Antonio Senzatela,COL,25,25,0,0,124.2,161,93,76,57,19,11,11,0,0,0,6.71,1.75
Marcus Stroman,TOR,21,21,0,0,124.2,118,41,99,35,10,6,11,0,0,0,2.96,1.23
Jorge Lopez,KC,39,18,0,0,123.2,140,87,109,42,27,4,9,1,1,0,6.33,1.47
Ariel Jurado,TEX,32,18,1,0,122.1,148,79,81,36,21,7,11,0,0,1,5.81,1.50
Brandon Woodruff,MIL,22,22,0,0,121.2,109,49,143,30,12,11,3,0,0,0,3.62,1.14
Wade LeBlanc,SEA,26,8,0,0,121.1,145,77,92,31,28,6,7,0,0,0,5.71,1.45
Chris Archer,PIT,23,23,0,0,119.2,114,69,143,55,25,3,9,0,0,0,5.19,1.41
Vince Velasquez,PHI,33,23,0,0,117.1,120,64,130,43,26,7,8,0,0,2,4.91,1.39
Tyler Beede,SF,24,22,0,0,117.0,127,66,113,46,22,5,10,0,0,0,5.08,1.48
Mike Foltynewicz,ATL,21,21,0,0,117.0,109,59,105,37,23,8,6,0,0,0,4.54,1.25
Zach Plesac,CLE,21,21,1,1,115.2,102,49,88,40,19,8,6,0,0,0,3.81,1.23
Matt Strahm,SD,46,16,0,0,114.2,121,60,118,22,22,6,11,0,1,6,4.71,1.25
Steven Brault,PIT,25,19,0,0,113.1,117,65,100,53,15,4,6,0,0,0,5.16,1.50
Dallas Keuchel,ATL,19,19,0,0,112.2,115,47,91,39,16,8,8,0,0,0,3.75,1.37
Aaron Sanchez,TOR,23,23,0,0,112.2,131,76,99,59,15,3,14,0,0,0,6.07,1.69
Jordan Zimmermann,DET,23,23,0,0,112.0,145,86,82,25,19,1,13,0,0,0,6.91,1.52
Trevor Richards,MIA,23,20,0,0,112.0,104,56,103,51,16,3,12,0,0,1,4.50,1.38
Tommy Milone,SEA,23,6,0,0,111.2,102,59,94,23,24,4,10,0,0,0,4.76,1.12
Pablo Lopez,MIA,21,21,0,0,111.1,111,63,95,27,15,5,8,0,0,0,5.09,1.24
Adrian Houser,MIL,35,18,0,0,111.1,101,46,117,37,14,6,7,0,0,1,3.72,1.24
Gabriel Ynoa,BAL,36,13,0,0,110.2,126,69,67,26,29,1,10,0,0,0,5.61,1.37
Tanner Roark,CIN,21,21,0,0,110.1,119,52,108,38,14,6,7,0,0,0,4.24,1.42
Adam Plutko,CLE,21,20,0,0,109.1,115,59,78,26,22,7,5,0,0,0,4.86,1.29
David Price,BOS,22,22,0,0,107.1,109,51,128,32,15,7,5,0,0,0,4.28,1.31
CC Sabathia,NYY,23,22,0,0,107.1,112,59,107,39,27,5,8,0,0,0,4.95,1.41
Blake Snell,TB,23,23,0,0,107.0,96,51,147,40,14,6,8,0,0,0,4.29,1.27
Jalen Beeks,TB,33,3,0,0,104.1,115,50,89,40,12,6,3,1,0,2,4.31,1.49
Kyle Freeland,COL,22,22,0,0,104.1,126,78,79,39,25,3,11,0,0,0,6.73,1.58
Cal Quantrill,SD,23,18,0,0,103.0,106,59,89,28,15,6,8,0,0,1,5.16,1.30
Trevor Cahill,LAA,37,11,0,0,102.1,111,68,81,39,25,4,9,0,0,0,5.98,1.47
Dereck Rodriguez,SF,28,16,0,0,99.0,108,62,71,36,21,6,11,0,0,0,5.64,1.45
Felix Pena,LAA,22,7,0,0,96.1,80,49,101,34,16,8,3,0,0,1,4.58,1.18
Andrew Cashner,BAL,17,17,0,0,96.1,86,41,66,29,11,9,3,0,0,0,3.83,1.19
Shaun Anderson,SF,28,16,0,0,96.0,111,58,70,38,13,3,5,2,0,1,5.44,1.55
Frankie Montas,OAK,16,16,0,0,96.0,84,28,103,23,8,9,2,0,0,0,2.63,1.11
Sam Gaviglio,TOR,52,0,0,0,95.2,85,49,88,22,18,4,2,0,0,3,4.61,1.12
Andrew Heaney,LAA,18,18,0,0,95.1,93,52,118,30,20,4,6,0,0,0,4.91,1.29
Jason Vargas,NYM,19,18,1,1,94.1,81,42,81,39,14,6,5,0,0,0,4.01,1.27
Nick Pivetta,PHI,30,13,1,0,93.2,103,56,89,39,20,4,6,1,0,1,5.38,1.52
Brad Peacock,HOU,23,15,0,0,91.2,78,42,96,31,15,7,6,0,0,0,4.12,1.19
Ross Stripling,LAD,32,15,0,0,90.2,84,35,93,20,11,4,4,0,0,3,3.47,1.15
Griffin Canning,LAA,18,17,0,0,90.1,80,46,96,30,14,5,6,0,0,0,4.58,1.22
Homer Bailey,KC,18,18,0,0,90.0,89,48,81,38,12,7,6,0,0,0,4.80,1.41
Peter Lambert,COL,19,19,0,0,89.1,119,72,57,36,18,3,7,0,0,0,7.25,1.74
Jhoulys Chacin,MIL,19,19,0,0,88.2,99,57,80,39,19,3,10,0,0,0,5.79,1.56
Gio Gonzalez,MIL,19,17,0,0,87.1,76,34,78,37,9,3,2,0,0,0,3.50,1.29
Freddy Peralta,MIL,39,8,0,0,85.0,87,50,115,37,15,7,3,1,1,6,5.29,1.46
Liam Hendriks,OAK,75,2,0,0,85.0,61,17,124,21,5,4,4,25,7,8,1.80,0.96
Jose Urena,MIA,24,13,0,0,84.2,99,49,62,26,13,4,10,3,2,0,5.21,1.48
Taylor Clarke,ARI,23,15,0,0,84.2,86,50,68,30,23,5,5,1,0,0,5.31,1.37
Junior Guerra,MIL,72,0,0,0,83.2,58,33,77,36,11,9,5,3,8,21,3.55,1.12
Alex Young,ARI,17,15,0,0,83.1,72,33,71,27,14,7,5,0,0,0,3.56,1.19
Michael Lorenzen,CIN,73,0,0,0,83.1,68,27,85,28,9,1,4,7,4,21,2.92,1.15
Yusmeiro Petit,OAK,80,0,0,0,83.0,57,25,71,10,11,5,3,0,1,29,2.71,0.81
Jaime Barria,LAA,19,13,0,0,82.2,92,59,75,27,24,4,10,0,0,0,6.42,1.44
Asher Wojciechowski,BAL,17,16,0,0,82.1,80,45,80,28,17,4,8,0,0,0,4.92,1.31
Jordan Lyles,PIT,17,17,0,0,82.1,88,49,90,33,16,5,7,0,0,0,5.36,1.47
Elieser Hernandez,MIA,21,15,0,0,82.1,76,46,85,26,20,3,5,0,0,0,5.03,1.24
Craig Stammen,SD,76,0,0,0,82.0,80,30,73,15,13,8,7,4,9,31,3.29,1.16
Luis Cessa,NYY,43,0,0,0,81.0,75,37,75,31,14,2,1,1,0,4,4.11,1.31
Jose Suarez,LAA,19,15,0,0,81.0,100,64,72,33,23,2,6,0,0,0,7.11,1.64
David Hess,BAL,23,14,0,0,80.0,94,63,68,30,28,1,10,0,0,0,7.09,1.55
Kevin Gausman,ATL,16,16,0,0,80.0,92,55,85,27,12,3,7,0,0,0,6.19,1.49
Carlos Carrasco,CLE,23,12,1,1,80.0,92,47,96,16,18,6,7,1,1,0,5.29,1.35
Seth Lugo,NYM,61,0,0,0,80.0,56,24,104,16,8,7,4,6,5,21,2.70,0.90
Julio Urias,LAD,37,8,0,0,79.2,59,22,85,27,7,4,3,4,1,5,2.49,1.08
Nick Ramirez,DET,46,0,0,0,79.2,76,36,74,35,11,5,4,0,1,1,4.07,1.39
Tyler Skaggs,LAA,15,15,0,0,79.2,73,38,78,28,9,7,7,0,0,0,4.29,1.27
Josh Tomlin,ATL,51,1,0,0,79.1,82,33,51,7,14,2,1,2,2,7,3.74,1.12
Jordan Yamamoto,MIA,15,15,0,0,78.2,54,39,82,36,11,4,5,0,0,0,4.46,1.14
Marcus Walden,BOS,70,0,0,0,78.0,61,33,76,32,6,9,2,2,4,6,3.81,1.19
Jacob Waguespack,TOR,16,13,0,0,78.0,75,38,63,29,12,5,5,0,0,0,4.38,1.33
Jesse Chavez,TEX,48,9,0,0,78.0,82,42,72,22,12,3,5,1,1,8,4.85,1.33
Erick Fedde,WAS,21,12,0,0,78.0,81,39,41,33,11,4,2,0,0,0,4.50,1.46
Drew Pomeranz,SF,21,17,0,0,77.2,89,49,92,36,17,2,9,0,0,0,5.68,1.61
Tyler Chatwood,CHC,38,5,0,0,76.2,65,32,74,37,8,5,3,2,2,3,3.76,1.33
Zack Godley,ARI,27,9,0,0,76.0,81,54,58,35,12,3,5,2,0,0,6.39,1.53
Josh Hader,MIL,61,0,0,0,75.2,41,22,138,20,15,3,5,37,7,6,2.62,0.81
Collin McHugh,HOU,35,8,0,0,74.2,62,39,82,30,12,4,5,0,0,4,4.70,1.23
Giovanny Gallegos,STL,66,0,0,0,74.0,44,19,93,16,9,3,2,1,3,19,2.31,0.81
Dario Agrazal,PIT,15,14,0,0,73.1,82,40,41,18,15,4,5,0,0,0,4.91,1.36
Homer Bailey,OAK,13,13,0,0,73.1,73,35,68,15,9,6,3,0,0,0,4.30,1.20
Miguel Castro,BAL,65,0,0,0,73.1,63,38,71,41,10,1,3,2,3,9,4.66,1.42
Dylan Cease,CWS,14,14,0,0,73.0,78,47,81,35,15,4,7,0,0,0,5.79,1.55
Dinelson Lamet,SD,14,14,0,0,73.0,62,33,105,30,12,3,5,0,0,0,4.07,1.26
Thomas Pannone,TOR,37,7,0,0,73.0,73,50,69,31,13,3,6,0,0,1,6.16,1.42
John Brebbia,STL,66,0,0,0,72.2,59,29,87,27,6,3,4,0,1,12,3.59,1.18
Luke Jackson,ATL,70,0,0,0,72.2,76,31,106,26,10,9,2,18,7,9,3.84,1.40
Hansel Robles,LAA,71,1,0,0,72.2,58,20,75,16,6,5,1,23,4,2,2.48,1.02
Ty Buttrey,LAA,72,0,0,0,72.1,69,32,84,23,8,6,7,2,4,26,3.98,1.27
Dillon Peters,LAA,17,12,0,0,72.0,85,43,55,26,18,4,4,0,0,0,5.38,1.54
Carlos Estevez,COL,71,0,0,0,72.0,70,30,81,23,12,2,2,0,2,11,3.75,1.29
Bryan Shaw,COL,70,0,0,0,72.0,69,43,58,29,12,3,2,1,5,12,5.38,1.36
Luis Perdomo,SD,47,1,0,0,72.0,69,32,55,18,6,2,4,0,1,7,4.00,1.21
Felix Hernandez,SEA,15,15,0,0,71.2,85,51,57,25,17,1,8,0,0,0,6.40,1.53
Brandon Workman,BOS,73,0,0,0,71.2,29,15,104,45,1,10,1,16,6,15,1.88,1.03
Archie Bradley,ARI,66,1,0,0,71.2,67,28,87,36,5,4,5,18,3,7,3.52,1.44
Wander Suero,WAS,78,0,0,0,71.1,64,36,81,26,5,6,9,1,6,19,4.54,1.26
Matt Andriese,ARI,54,0,0,0,70.2,72,37,79,27,8,5,5,1,3,4,4.71,1.40
Framber Valdez,HOU,26,8,0,0,70.2,74,46,68,44,9,4,7,0,0,0,5.86,1.67
Scott Barlow,KC,61,0,0,0,70.1,64,33,92,37,6,3,3,1,2,14,4.22,1.44
Jeff Hoffman,COL,15,15,0,0,70.0,77,51,68,34,21,2,6,0,0,0,6.56,1.59
Francisco Liriano,PIT,69,0,0,0,70.0,60,27,63,35,8,5,3,0,4,12,3.47,1.36
Emilio Pagan,TB,66,0,0,0,70.0,45,18,96,13,12,4,2,20,8,7,2.31,0.83
Pedro Baez,LAD,71,0,0,0,69.2,43,24,69,23,6,7,2,1,6,25,3.10,0.95
Ross Detwiler,CWS,18,12,0,0,69.2,86,51,46,27,20,3,5,0,0,0,6.59,1.62
Chris Devenski,HOU,61,1,0,0,69.0,69,37,72,21,13,2,3,0,1,7,4.83,1.30
Joakim Soria,OAK,71,1,0,0,69.0,51,33,79,20,9,2,4,1,5,21,4.30,1.03
Chad Green,NYY,54,15,0,0,69.0,66,32,98,19,10,4,4,2,0,4,4.17,1.23
Taylor Rogers,MIN,60,0,0,0,69.0,58,20,90,11,8,2,4,30,6,10,2.61,1.00
Derek Holland,SF,31,7,1,0,68.2,68,45,71,35,17,2,4,0,0,0,5.90,1.50
Diego Castillo,TB,65,6,0,0,68.2,59,26,81,26,8,5,8,8,2,17,3.41,1.24
Jose Leclerc,TEX,70,3,0,0,68.2,52,33,100,39,7,2,4,14,4,7,4.33,1.33
Sean Newcomb,ATL,55,4,0,0,68.1,61,24,65,29,8,6,3,1,2,16,3.16,1.32
Wei-Yin Chen,MIA,45,0,0,0,68.1,87,50,63,18,15,0,1,0,0,3,6.59,1.54
Buck Farmer,DET,73,1,0,0,67.2,62,28,73,24,8,6,6,0,3,15,3.72,1.27
Noe Ramirez,LAA,51,7,0,0,67.2,59,30,79,20,9,5,4,0,0,3,3.99,1.17
Aaron Bummer,CWS,58,0,0,0,67.2,43,16,60,24,4,0,0,1,2,27,2.13,0.99
Josh Osich,CWS,57,0,0,0,67.2,62,35,61,15,15,4,0,0,1,2,4.66,1.14
Nathan Eovaldi,BOS,23,12,0,0,67.2,72,45,70,35,16,2,1,0,1,5,5.99,1.58
Hector Neris,PHI,68,0,0,0,67.2,45,22,89,24,10,3,6,28,6,2,2.93,1.02
Raisel Iglesias,CIN,68,0,0,0,67.0,61,31,89,21,12,3,12,34,6,3,4.16,1.22
Nestor Cortes,NYY,33,1,0,0,66.2,75,42,69,28,16,5,1,0,1,1,5.67,1.55
Adam Ottavino,NYY,73,0,0,0,66.1,47,14,88,40,5,6,5,2,7,28,1.90,1.31
John Gant,STL,64,0,0,0,66.1,51,27,60,34,4,11,1,3,3,18,3.66,1.28
Richard Rodriguez,PIT,72,0,0,0,65.1,65,27,63,23,14,4,5,1,4,16,3.72,1.35
Will Smith,SF,63,0,0,0,65.1,46,20,96,21,10,6,0,34,4,0,2.76,1.03
Roberto Osuna,HOU,66,0,0,0,65.0,45,19,73,12,8,4,3,38,6,0,2.63,0.88
Robert Stephenson,CIN,57,0,0,0,64.2,43,27,81,24,9,3,2,0,4,11,3.76,1.04
Matt Barnes,BOS,70,0,0,0,64.1,51,27,110,38,8,5,4,4,8,26,3.78,1.38
Luke Weaver,ARI,12,12,0,0,64.1,55,21,69,14,6,4,3,0,0,0,2.94,1.07
Trevor May,MIN,65,0,0,0,64.1,43,21,79,26,8,5,3,2,2,17,2.94,1.07
Mike Montgomery,KC,13,13,0,0,64.0,78,33,51,21,12,2,7,0,0,0,4.64,1.55
Steve Cishek,CHC,70,0,0,0,64.0,48,21,57,29,7,4,6,7,4,12,2.95,1.20
Joe Ross,WAS,27,9,0,0,64.0,74,39,57,33,7,4,4,0,2,2,5.48,1.67
Chad Bettis,COL,39,3,0,0,63.2,78,43,42,21,10,1,6,1,2,4,6.08,1.55
Robert Gsellman,NYM,52,0,0,0,63.2,64,33,60,23,7,2,3,1,4,7,4.66,1.37
Ian Kennedy,KC,63,0,0,0,63.1,64,24,73,17,6,3,2,30,4,1,3.41,1.28
Chi Chi Gonzalez,COL,14,12,0,0,63.0,59,37,46,33,11,2,6,0,0,0,5.29,1.46
Kenley Jansen,LAD,62,0,0,0,63.0,51,26,80,16,9,5,3,33,8,0,3.71,1.06
Mychal Givens,BAL,58,0,0,0,63.0,49,32,86,26,13,2,6,11,8,7,4.57,1.19
Zack Greinke,HOU,10,10,0,0,62.2,58,21,52,9,6,8,1,0,0,0,3.02,1.07
Drew Smyly,PHI,12,12,0,0,62.2,62,31,68,21,13,3,2,0,0,0,4.45,1.32
Brett Martin,TEX,51,2,0,0,62.1,72,33,62,18,7,2,3,0,1,4,4.76,1.44
Yimi Garcia,LAD,64,0,0,0,62.1,40,25,66,14,15,1,4,0,3,4,3.61,0.87
Alex Claudio,MIL,83,0,0,0,62.0,57,28,44,24,8,2,2,0,3,22,4.06,1.31
Luis Garcia,LAA,64,2,0,0,62.0,61,30,57,33,13,2,1,1,2,6,4.35,1.52
Tyler Clippard,CLE,53,3,0,0,62.0,38,20,64,15,8,1,0,0,0,8,2.90,0.85
Cam Bedrosian,LAA,59,7,0,0,61.1,48,22,64,22,7,3,3,1,2,15,3.23,1.14
Zack Britton,NYY,66,0,0,0,61.1,38,13,53,32,3,3,1,3,4,29,1.91,1.14
Tommy Kahnle,NYY,72,0,0,0,61.1,45,25,88,20,9,3,2,0,5,27,3.67,1.06
Josh James,HOU,49,1,0,0,61.1,46,32,100,35,10,5,1,1,2,6,4.70,1.32
Kyle Ryan,CHC,73,0,0,0,61.0,55,24,58,29,5,4,2,0,2,14,3.54,1.38
Alex Colome,CWS,62,0,0,0,61.0,42,19,55,23,7,4,5,30,3,0,2.80,1.07
Yoan Lopez,ARI,70,0,0,0,60.2,52,23,42,17,11,2,7,1,3,21,3.41,1.14
Hector Rondon,HOU,62,1,0,0,60.2,56,25,48,20,10,3,2,0,3,19,3.71,1.25
Adam Conley,MIA,60,0,0,0,60.2,76,44,53,29,10,2,11,2,2,6,6.53,1.73
Derek Law,TOR,58,4,0,0,60.2,61,33,67,40,8,1,2,5,1,8,4.90,1.66
Tyler Glasnow,TB,12,12,0,0,60.2,40,12,76,14,4,6,1,0,0,0,1.78,0.89
Kirby Yates,SD,60,0,0,0,60.2,41,8,101,13,2,0,5,41,3,0,1.19,0.89
Kevin McCarthy,KC,56,0,0,0,60.1,68,30,38,21,4,4,2,1,4,6,4.48,1.48
Will Harris,HOU,68,0,0,0,60.0,42,10,62,14,6,4,1,4,1,26,1.50,0.93
Jeurys Familia,NYM,66,0,0,0,60.0,62,38,63,42,7,4,2,0,4,14,5.70,1.73
Lou Trivino,OAK,61,0,0,0,60.0,61,35,57,31,7,4,6,0,5,18,5.25,1.53
Mike Leake,ARI,10,10,0,0,60.0,74,29,27,8,15,3,3,0,0,0,4.35,1.37
Felipe Vazquez,PIT,56,0,0,0,60.0,43,11,90,13,5,5,1,28,3,0,1.65,0.93
Sean Doolittle,WAS,63,0,0,0,60.0,63,27,66,15,11,6,5,29,6,2,4.05,1.30
Aaron Brooks,BAL,14,12,0,0,59.2,69,41,39,20,9,4,5,0,0,0,6.18,1.49
Daniel Mengden,OAK,13,9,0,0,59.2,59,32,42,27,7,5,2,1,0,0,4.83,1.44
Matt Harvey,LAA,12,12,0,0,59.2,63,47,39,29,13,3,5,0,0,0,7.09,1.54
Marcus Stroman,NYM,11,11,0,0,59.2,65,25,60,23,8,4,2,0,0,0,3.77,1.47
Joe Jimenez,DET,66,0,0,0,59.2,56,29,82,23,13,4,7,9,5,15,4.37,1.32
Matt Albers,MIL,67,0,0,0,59.2,53,34,57,29,8,8,6,4,2,10,5.13,1.37
Clay Buchholz,TOR,12,12,0,0,59.0,72,43,39,16,13,2,5,0,0,0,6.56,1.49
Jose Alvarez,PHI,67,1,0,0,59.0,66,22,51,18,8,3,4,1,2,16,3.36,1.42
Rich Hill,LAD,13,13,0,0,58.2,48,16,72,18,10,4,1,0,0,0,2.45,1.13
Blake Treinen,OAK,57,0,0,0,58.2,58,32,59,37,9,6,5,16,5,3,4.91,1.62
Jordan Lyles,MIL,11,11,0,0,58.2,43,16,56,22,9,7,1,0,0,0,2.45,1.11
Dylan Covey,CWS,18,12,0,0,58.2,75,52,41,28,12,1,8,0,1,0,7.98,1.76
Jerad Eickhoff,PHI,12,10,0,0,58.1,58,37,51,18,18,3,4,1,0,0,5.71,1.30
Erik Swanson,SEA,27,8,0,0,58.0,56,37,52,12,17,1,5,2,0,1,5.74,1.17
Edwin Diaz,NYM,66,0,0,0,58.0,58,36,99,22,15,2,7,26,7,1,5.59,1.38
Drew VerHagen,DET,22,4,0,0,58.0,70,38,51,23,9,4,3,0,0,1,5.90,1.60
Gregory Soto,DET,33,7,0,0,57.2,74,37,45,33,9,0,5,0,1,2,5.77,1.86
Tyler Duffey,MIN,58,0,0,0,57.2,44,16,82,14,8,5,1,0,2,15,2.50,1.01
Jairo Diaz,COL,56,0,0,0,57.2,56,29,63,19,7,6,4,5,3,7,4.53,1.30
Nick Wittgren,CLE,55,0,0,0,57.2,47,18,60,15,10,5,1,4,2,12,2.81,1.08
Aaron Civale,CLE,10,10,0,0,57.2,44,15,46,16,4,3,4,0,0,0,2.34,1.04
Brad Hand,CLE,60,0,0,0,57.1,53,21,84,18,6,6,4,34,5,0,3.30,1.24
Paul Fry,BAL,66,0,0,0,57.1,54,34,55,29,7,1,9,3,5,11,5.34,1.45
Brandon Kintzler,CHC,62,0,0,0,57.0,46,17,48,13,5,3,3,1,2,17,2.68,1.04
Aroldis Chapman,NYY,60,0,0,0,57.0,38,14,85,25,3,3,2,37,5,0,2.21,1.11
Nick Margevicius,SD,17,12,0,0,57.0,73,43,42,19,12,2,6,0,0,0,6.79,1.61
Reyes Moronta,SF,56,0,0,0,56.2,41,18,70,33,4,3,7,0,5,15,2.86,1.31
Adam Cimber,CLE,68,0,0,0,56.2,56,28,41,19,6,6,3,1,2,19,4.45,1.32
Trevor Bauer,CIN,10,10,0,0,56.1,57,40,68,19,12,2,5,0,0,0,6.39,1.35
Hector Velazquez,BOS,34,8,0,0,56.1,58,34,49,28,7,1,4,0,1,1,5.43,1.53
Michael Feliz,PIT,58,1,0,0,56.1,44,25,73,27,11,4,4,0,1,3,3.99,1.26
Oliver Drake,TB,50,0,0,0,56.0,36,20,70,19,9,5,2,2,1,11,3.21,0.98
Amir Garrett,CIN,69,0,0,0,56.0,44,20,78,35,7,5,3,0,3,22,3.21,1.41
Scott Oberg,COL,49,0,0,0,56.0,39,14,58,23,5,6,1,5,3,8,2.25,1.11
T.J. McFarland,ARI,51,0,0,0,56.0,71,30,35,20,6,0,0,0,0,9,4.82,1.63
Ryan Brasier,BOS,62,0,0,0,55.2,51,30,61,21,9,2,4,7,4,10,4.85,1.29
Ryne Stanek,TB,41,27,0,0,55.2,44,21,61,20,7,0,2,0,0,2,3.40,1.15
Jason Vargas,PHI,11,11,0,0,55.1,60,33,43,24,7,1,4,0,0,0,5.37,1.52
Richard Bleier,BAL,53,1,0,0,55.1,65,33,30,8,6,3,0,4,1,5,5.37,1.32
Robbie Erlin,SD,37,1,0,0,55.1,72,33,52,15,6,0,1,0,1,5,5.37,1.57
Tyler Webb,STL,65,0,0,0,55.0,33,23,48,23,7,2,1,1,0,8,3.76,1.02
Jace Fry,CWS,68,0,0,0,55.0,44,29,68,43,7,3,4,0,2,12,4.75,1.58
Tanner Roark,OAK,10,10,0,0,55.0,61,28,50,13,14,4,3,0,0,0,4.58,1.35
Colten Brewer,BOS,58,0,0,0,54.2,59,25,52,34,6,1,2,0,1,6,4.12,1.70
Andrew Miller,STL,73,0,0,0,54.2,45,27,70,27,11,5,6,6,5,28,4.45,1.32
Shawn Armstrong,BAL,51,0,0,0,54.1,58,31,60,26,7,1,0,4,5,9,5.13,1.55
Ryne Harper,MIN,61,0,0,0,54.1,54,23,50,10,7,4,2,1,3,12,3.81,1.18
Ryan Pressly,HOU,55,0,0,0,54.1,37,14,72,12,6,2,3,3,5,31,2.32,0.90
Tony Watson,SF,60,0,0,0,54.0,56,25,41,12,9,2,2,0,3,25,4.17,1.26
Javy Guerra,WAS,40,0,0,0,53.2,55,29,42,12,9,3,1,1,0,4,4.86,1.25
Tyler Alexander,DET,13,8,0,0,53.2,68,29,47,7,9,1,4,0,0,0,4.86,1.40
Andrew Cashner,BOS,25,6,0,0,53.2,58,37,42,29,8,2,5,1,0,4,6.20,1.62
Yoshihisa Hirano,ARI,62,0,0,0,53.0,51,28,61,22,7,5,5,1,5,16,4.75,1.38
Ken Giles,TOR,53,0,0,0,53.0,36,11,83,17,5,2,3,23,1,0,1.87,1.00
Trevor Gott,SF,50,0,0,0,52.2,41,26,57,17,4,7,0,1,1,1,4.44,1.10
Andrew Chafin,ARI,77,0,0,0,52.2,52,22,68,18,6,2,2,0,4,23,3.76,1.33
Jeremy Jeffress,MIL,48,0,0,0,52.0,54,29,46,17,5,3,4,1,3,12,5.02,1.37
Taylor Cole,LAA,38,6,0,0,51.2,58,34,50,24,2,3,4,0,0,4,5.92,1.59
Colin Poche,TB,51,0,0,0,51.2,33,27,72,19,9,5,5,2,4,17,4.70,1.01
Tim Mayza,TOR,68,0,0,0,51.1,45,28,55,27,8,1,3,0,1,18,4.91,1.40
Drew Smyly,TEX,13,9,0,0,51.1,64,48,52,34,19,1,5,1,0,0,8.42,1.91
Kelvin Herrera,CWS,57,0,0,0,51.1,60,35,53,23,8,3,3,1,2,6,6.14,1.62
Joe Kelly,LAD,55,0,0,0,51.1,49,26,62,22,6,5,4,1,5,8,4.56,1.38
Sam Dyson,SF,49,0,0,0,51.0,39,14,47,7,3,4,1,2,1,17,2.47,0.90
Trey Wingenter,SD,51,1,0,0,51.0,34,32,72,28,5,1,3,1,3,16,5.65,1.22
Chaz Roe,TB,71,0,0,0,51.0,49,23,65,31,3,1,3,1,4,23,4.06,1.57
Jarlin Garcia,MIA,53,0,0,0,50.2,40,17,39,16,4,4,2,0,1,6,3.02,1.11
Manny Banuelos,CWS,16,8,0,0,50.2,60,39,44,33,12,3,4,0,0,0,6.93,1.84
Evan Marshall,CWS,55,0,0,0,50.2,42,14,41,24,5,4,2,0,4,19,2.49,1.30
Aaron Brooks,OAK,15,6,0,0,50.1,49,28,43,14,12,2,3,0,0,0,5.01,1.25
Joe Biagini,TOR,50,0,0,0,50.0,50,21,50,17,8,3,1,1,2,12,3.78,1.34
Clay Holmes,PIT,35,0,0,0,50.0,45,31,56,36,5,1,2,0,1,1,5.58,1.62
Andrew Kittredge,TB,37,7,0,0,49.2,51,23,58,12,7,1,0,0,0,2,4.17,1.27
Tyler Kinley,MIA,52,0,0,0,49.1,43,20,46,36,5,3,1,1,2,1,3.65,1.60
Corbin Burnes,MIL,32,4,0,0,49.0,70,48,70,20,17,1,5,1,0,4,8.82,1.84
Devin Smeltzer,MIN,11,6,0,0,49.0,50,21,38,12,8,2,2,1,0,1,3.86,1.27
Luke Bard,LAA,32,3,0,0,49.0,41,26,40,13,8,3,3,0,1,1,4.78,1.10
Brendan McKay,TB,13,11,0,0,49.0,53,28,56,16,8,2,4,0,0,0,5.14,1.41
Kyle Crick,PIT,52,0,0,0,49.0,41,27,61,35,10,3,7,0,6,13,4.96,1.55
Ranger Suarez,PHI,37,0,0,0,48.2,52,17,42,12,6,6,1,0,1,6,3.14,1.32
Daniel Ponce de Leon,STL,13,8,0,0,48.2,36,20,52,26,6,1,2,0,0,0,3.70,1.27
Carlos Martinez,STL,48,0,0,0,48.1,39,17,53,18,2,4,2,24,3,3,3.17,1.18
Tanner Rainey,WAS,52,0,0,0,48.1,32,21,74,38,6,2,3,0,3,9,3.91,1.45
Jared Hughes,CIN,47,0,0,0,48.1,41,22,34,19,6,3,4,1,2,3,4.10,1.24
Daniel Hudson,TOR,45,1,0,0,48.0,38,16,48,23,5,6,3,2,2,8,3.00,1.27
Mitch Keller,PIT,11,11,0,0,48.0,72,38,65,16,6,1,5,0,0,0,7.13,1.83
Anthony Bass,SEA,44,0,0,0,48.0,30,19,43,17,5,2,4,5,5,6,3.56,0.98
Dan Straily,BAL,14,8,0,0,47.2,73,52,33,22,22,2,4,0,0,0,9.82,1.99
Juan Nicasio,PHI,47,0,0,0,47.1,57,25,45,21,4,2,3,1,1,10,4.75,1.65
Brandon Brennan,SEA,44,0,0,0,47.1,34,24,47,24,6,3,6,0,2,8,4.56,1.23
Shawn Kelley,TEX,50,0,0,0,47.1,55,26,43,11,12,5,2,11,4,6,4.94,1.39
Josh Taylor,BOS,52,1,0,0,47.1,40,16,62,16,5,2,2,0,1,4,3.04,1.18
Justin Anderson,LAA,54,0,0,0,47.0,42,29,60,32,6,3,0,1,1,11,5.55,1.57
Austin Pruitt,TB,14,2,0,0,47.0,47,23,39,12,7,3,0,0,0,0,4.40,1.26
Roenis Elias,SEA,44,0,0,0,47.0,41,19,45,17,8,4,2,14,2,1,3.64,1.23
Matt Grace,WAS,51,1,0,0,46.2,61,33,35,10,11,1,2,0,0,4,6.36,1.52
Chris Stratton,PIT,28,0,0,0,46.2,50,19,47,15,7,1,1,0,0,0,3.66,1.39
Jefry Rodriguez,CLE,10,8,0,0,46.2,48,24,33,21,5,1,5,0,0,0,4.63,1.48
Dylan Floro,LAD,50,0,0,0,46.2,46,22,42,14,4,5,3,0,3,6,4.24,1.29
Mark Melancon,SF,43,0,0,0,46.1,49,18,44,16,3,4,2,1,0,5,3.50,1.40
Tayron Guerrero,MIA,52,0,0,0,46.0,42,32,43,36,7,1,2,0,4,6,6.26,1.70
Ryan Buchter,OAK,64,0,0,0,45.1,42,15,50,23,8,1,1,0,4,12,2.98,1.43
Clayton Richard,TOR,10,10,0,0,45.1,53,30,22,18,9,1,5,0,0,0,5.96,1.57
Kolby Allard,TEX,9,9,0,0,45.1,52,25,33,19,3,4,2,0,0,0,4.96,1.57
Austin Brice,MIA,36,0,0,0,44.2,37,17,46,18,7,1,0,0,1,6,3.43,1.23
Caleb Ferguson,LAD,46,2,0,0,44.2,39,24,54,27,7,1,2,0,0,4,4.84,1.48
Blaine Hardy,DET,39,0,0,0,44.1,38,22,29,13,10,1,1,0,0,7,4.47,1.15
Shelby Miller,TEX,19,8,0,0,44.0,58,42,30,29,8,1,3,0,1,1,8.59,1.98
Zac Gallen,ARI,8,8,0,0,43.2,37,14,53,18,5,2,3,0,0,0,2.89,1.26
Nick Anderson,MIA,45,0,0,0,43.2,40,19,69,16,5,2,4,1,1,7,3.92,1.28
Austin Voth,WAS,9,8,0,0,43.2,33,16,44,13,5,2,1,0,0,0,3.30,1.05
Adam Kolarek,TB,54,0,0,0,43.1,39,19,36,14,6,4,3,1,0,14,3.95,1.22
Lucas Sims,CIN,24,4,0,0,43.0,31,22,57,19,8,2,1,0,0,3,4.60,1.16
Wade Davis,COL,50,0,0,0,42.2,51,41,42,29,7,1,6,15,3,0,8.65,1.88
David Hernandez,CIN,47,0,0,0,42.2,53,38,53,20,7,2,5,2,3,12,8.02,1.71
Victor Alcantara,DET,46,0,0,0,42.2,45,23,24,15,8,3,2,0,3,10,4.85,1.41
Jake Diekman,KC,48,0,0,0,41.2,33,22,63,23,3,0,6,0,2,18,4.75,1.34
Touki Toussaint,ATL,24,1,0,0,41.2,44,26,45,26,5,4,0,0,0,2,5.62,1.68
Pedro Strop,CHC,50,0,0,0,41.2,33,23,49,20,6,2,5,10,6,6,4.97,1.27
Cole Irvin,PHI,16,3,0,0,41.2,45,27,31,13,7,2,1,1,0,0,5.83,1.39
Jake McGee,COL,45,0,0,0,41.1,47,20,35,11,11,0,2,0,2,4,4.35,1.40
Jonathan Holder,NYY,34,1,0,0,41.1,43,29,46,11,8,5,2,0,2,4,6.31,1.31
Cory Gearrin,SEA,48,2,0,0,41.1,38,18,39,21,3,0,2,0,0,11,3.92,1.43
Jose Urquidy,HOU,9,7,0,0,41.0,38,18,40,7,6,2,1,0,0,0,3.95,1.10
Branden Kline,BAL,34,0,0,0,41.0,44,27,34,19,9,1,4,0,1,5,5.93,1.54
Jimmy Yacabonis,BAL,29,4,0,0,41.0,51,31,33,24,9,1,2,0,0,3,6.80,1.83
Ryan Carpenter,DET,9,9,0,0,40.2,61,42,25,13,12,1,6,0,0,0,9.30,1.82
Nick Goody,CLE,39,0,0,0,40.2,30,16,50,22,7,3,2,0,0,10,3.54,1.28
Oliver Perez,CLE,67,0,0,0,40.2,38,18,48,12,5,2,4,1,4,22,3.98,1.23
Ryan Weber,BOS,18,3,0,0,40.2,48,23,29,8,5,2,4,0,0,0,5.09,1.38
Dominic Leone,STL,40,0,0,0,40.2,39,25,46,22,9,1,0,1,1,0,5.53,1.50
Brian Johnson,BOS,21,7,0,0,40.1,53,27,31,23,6,1,3,0,0,0,6.02,1.88
Wily Peralta,KC,42,0,0,0,40.1,45,26,24,19,7,2,4,2,3,5,5.80,1.59
Jose Ruiz,CWS,40,1,0,0,40.0,56,25,35,24,6,1,4,0,1,1,5.63,2.00
Tony Gonsolin,LAD,11,6,0,0,40.0,26,13,37,15,4,4,2,1,0,0,2.93,1.03
Tim Hill,KC,46,0,0,0,39.2,31,16,39,13,4,2,0,1,1,9,3.63,1.11
Brad Brach,CHC,42,0,0,0,39.2,42,27,45,28,3,4,3,0,2,4,6.13,1.76
Heath Hembree,BOS,45,0,0,0,39.2,34,17,46,18,7,1,0,2,1,4,3.86,1.31
Anthony Swarzak,ATL,44,0,0,0,39.2,38,19,35,19,6,1,2,1,0,17,4.31,1.44
Logan Webb,SF,8,8,0,0,39.2,44,23,37,14,5,2,3,0,0,0,5.22,1.46
Justin Shafer,TOR,34,0,0,0,39.2,41,17,39,25,6,2,1,1,0,3,3.86,1.66
Wilmer Font,TOR,23,14,0,0,39.1,34,16,53,11,7,2,3,0,0,1,3.66,1.14
Patrick Sandoval,LAA,10,9,0,0,39.1,35,22,42,19,6,0,4,0,0,0,5.03,1.37
Edwin Jackson,DET,10,8,0,0,39.1,56,37,33,19,11,2,5,0,0,0,8.47,1.91
Justin Wilson,NYM,45,0,0,0,39.0,33,11,44,19,4,4,2,4,1,9,2.54,1.33
Edgar Garcia,PHI,37,0,0,0,39.0,38,25,45,26,11,2,0,0,0,2,5.77,1.64
Jeremy Hellickson,WAS,9,8,0,0,39.0,47,27,30,20,9,2,3,0,0,0,6.23,1.72
Jeff Brigham,MIA,32,0,0,0,38.1,36,19,39,14,8,3,2,1,1,4,4.46,1.30
Shane Greene,DET,38,0,0,0,38.0,21,5,43,12,5,0,2,22,3,0,1.18,0.87
Chris Martin,TEX,38,0,0,0,38.0,35,13,43,4,8,0,2,4,1,12,3.08,1.03
David Hale,NYY,20,0,0,0,37.2,39,13,23,7,2,3,0,2,0,0,3.11,1.22
Sergio Romo,MIA,38,0,0,0,37.2,33,15,33,13,4,2,0,17,1,1,3.58,1.22
Jameson Taillon,PIT,7,7,1,0,37.1,34,17,30,8,4,2,3,0,0,0,4.10,1.13
Zack Littell,MIN,29,0,0,0,37.0,34,11,32,9,4,6,0,0,1,1,2.68,1.16
Jon Duplantier,ARI,15,3,0,0,36.2,39,18,34,18,2,1,1,1,0,0,4.42,1.55
Ryan Helsley,STL,24,0,0,0,36.2,34,12,32,12,5,2,0,0,1,1,2.95,1.25
Blake Parker,MIN,37,0,0,0,36.1,34,17,34,16,7,1,2,10,1,9,4.21,1.38
Zac Gallen,MIA,7,7,0,0,36.1,25,11,43,18,3,1,3,0,0,0,2.72,1.18
Tom Eshelman,BAL,10,4,0,0,36.0,47,26,22,11,12,1,2,0,0,0,6.50,1.61
Jimmy Cordero,CWS,30,0,0,0,36.0,24,11,31,11,3,1,0,0,0,4,2.75,0.97
Alec Mills,CHC,9,4,0,0,36.0,31,11,42,11,5,1,0,1,0,0,2.75,1.17
Jesus Tinoco,COL,24,0,0,0,36.0,36,19,28,22,12,0,3,1,0,2,4.75,1.61
Justus Sheffield,SEA,8,7,0,0,36.0,44,22,37,18,5,0,1,0,0,0,5.50,1.72
Greg Holland,ARI,40,0,0,0,35.2,25,18,41,24,5,1,2,17,5,0,4.54,1.37
Alex Wood,CIN,7,7,0,0,35.2,41,23,30,9,11,1,3,0,0,0,5.80,1.40
Corey Kluber,CLE,7,7,0,0,35.2,44,23,38,15,4,2,3,0,0,0,5.80,1.65
Tyson Ross,DET,7,7,0,0,35.1,41,24,25,18,7,1,5,0,0,0,6.11,1.67
Jose Cisnero,DET,35,0,0,0,35.1,35,17,40,19,5,0,4,0,2,4,4.33,1.53
Geoff Hartlieb,PIT,29,0,0,0,35.0,52,35,38,18,8,0,1,0,0,2,9.00,2.00
Dustin May,LAD,14,4,0,0,34.2,33,14,32,5,2,2,3,0,1,4,3.63,1.10
Carlos Rodon,CWS,7,7,0,0,34.2,33,20,46,17,4,3,2,0,0,0,5.19,1.44
Nick Kingham,PIT,14,4,0,0,34.2,54,38,32,17,7,1,1,1,0,0,9.87,2.05
Robert Dugger,MIA,7,7,0,0,34.1,33,22,25,17,6,0,4,0,0,0,5.77,1.46
Yency Almonte,COL,28,0,0,0,34.0,39,21,29,14,7,0,1,0,1,1,5.56,1.56
Wandy Peralta,CIN,39,0,0,0,34.0,36,23,27,15,10,1,1,0,1,2,6.09,1.50
Elvis Luciano,TOR,25,0,0,0,33.2,36,20,27,24,4,1,0,0,0,0,5.35,1.78
Fernando Rodney,WAS,38,0,0,0,33.1,29,15,35,16,3,0,3,2,3,17,4.05,1.35
Rowan Wick,CHC,31,0,0,0,33.1,22,9,35,16,0,2,0,2,0,5,2.43,1.14
Tim Melville,COL,7,7,0,0,33.1,34,18,24,14,9,2,3,0,0,0,4.86,1.44
J.B. Wendelken,OAK,27,0,0,0,32.2,21,13,34,9,2,3,1,0,1,1,3.58,0.92
Andrew Suarez,SF,21,2,0,0,32.2,39,21,25,14,7,0,2,0,1,1,5.79,1.62
Jeffrey Springs,TEX,25,0,0,0,32.1,38,23,32,23,4,4,1,0,0,1,6.40,1.89
Jerry Blevins,ATL,45,0,0,0,32.1,25,14,37,16,5,1,0,1,0,10,3.90,1.27
Jacob Webb,ATL,36,0,0,0,32.1,24,5,28,12,4,4,0,2,2,9,1.39,1.11
Matt Bowman,CIN,27,0,0,0,32.0,27,13,25,13,2,2,0,0,0,0,3.66,1.25
Luis Avilan,NYM,45,0,0,0,32.0,33,18,30,14,5,4,0,0,0,3,5.06,1.47
Jonathan Loaisiga,NYY,15,4,0,0,31.2,31,16,37,16,6,2,2,0,1,0,4.55,1.48
Sean Reid-Foley,TOR,9,6,0,0,31.2,33,15,28,21,5,2,4,0,0,0,4.26,1.71
Wilmer Font,NYM,15,3,0,0,31.0,29,17,24,13,8,1,2,0,1,0,4.94,1.35
Austin Adams,SEA,29,2,0,0,31.0,20,13,51,14,4,2,2,0,2,10,3.77,1.10
Jake Newberry,KC,27,0,0,0,31.0,29,13,29,16,7,1,0,0,1,4,3.77,1.45
Josh A. Smith,BOS,18,2,0,0,31.0,36,20,29,8,10,0,3,1,1,0,5.81,1.42
Tyler Olson,CLE,39,0,0,0,30.2,34,15,28,16,3,1,1,0,1,1,4.40,1.63
Nick Vincent,SF,18,1,0,0,30.2,36,19,30,8,7,0,2,0,0,0,5.58,1.43
Darwinzon Hernandez,BOS,29,1,0,0,30.1,27,15,57,26,1,0,1,0,0,2,4.45,1.75
Stefan Crichton,ARI,28,0,0,0,30.1,23,12,33,8,3,1,0,0,0,3,3.56,1.02
Jay Jackson,MIL,28,0,0,0,30.1,22,15,47,18,6,1,0,0,0,2,4.45,1.32
Jose Alvarado,TB,35,1,0,0,30.0,29,16,39,27,2,1,6,7,2,8,4.80,1.87
Adam Morgan,PHI,40,0,0,0,29.2,20,13,29,10,4,3,3,0,2,19,3.94,1.01
Keone Kela,PIT,32,0,0,0,29.2,19,7,33,11,3,2,0,1,4,6,2.12,1.01
Michel Baez,SD,24,1,0,0,29.2,25,10,28,14,3,1,1,0,0,0,3.03,1.31
Sean Manaea,OAK,5,5,0,0,29.2,16,4,30,7,3,4,0,0,0,0,1.21,0.78
Jose Quijada,MIA,34,0,0,0,29.2,27,19,44,26,10,2,3,1,1,4,5.76,1.79
Dan Otero,CLE,25,0,0,0,29.2,42,16,16,3,6,0,0,0,0,1,4.85,1.52
A.J. Minter,ATL,36,0,0,0,29.1,36,23,35,23,3,3,4,5,2,6,7.06,2.01
Brian Flynn,KC,11,1,0,0,29.1,38,17,22,17,2,2,2,0,0,0,5.22,1.88
Chris Stratton,LAA,7,5,0,0,29.1,43,28,22,18,6,0,2,0,0,0,8.59,2.08
Matt Wisler,SD,21,0,0,0,29.0,34,17,34,10,5,2,2,0,2,4,5.28,1.52
Rafael Montero,TEX,22,0,0,0,29.0,23,8,34,5,5,2,0,0,1,7,2.48,0.97
Daniel Stumpf,DET,48,0,0,0,29.0,35,14,28,15,5,1,1,0,2,5,4.34,1.72
Chad Sobotka,ATL,32,0,0,0,29.0,28,20,38,19,6,0,0,0,0,6,6.21,1.62
Hunter Wood,TB,19,2,0,0,29.0,26,8,24,7,4,1,1,1,0,1,2.48,1.14
Matt Shoemaker,TOR,5,5,0,0,28.2,16,5,24,9,3,3,0,0,0,0,1.57,0.87
Jordan Hicks,STL,29,0,0,0,28.2,16,10,31,11,2,2,2,14,1,3,3.14,0.94
Adam Warren,SD,25,0,0,0,28.2,28,17,25,12,9,4,1,0,0,3,5.34,1.40
Matt Magill,MIN,28,0,0,0,28.1,30,14,36,15,4,2,0,0,0,0,4.45,1.59
Edwin Jackson,TOR,8,5,0,0,28.1,49,35,19,13,12,1,5,0,0,0,11.12,2.19
Randy Dobnak,MIN,9,5,0,0,28.1,27,5,23,5,1,2,1,1,0,0,1.59,1.13
Zac Reininger,DET,25,1,0,0,28.0,44,27,17,16,11,0,3,0,0,1,8.68,2.14
Evan Phillips,BAL,25,0,0,0,28.0,32,20,40,20,2,0,1,0,0,3,6.43,1.86
Mike Morin,PHI,29,0,0,0,28.0,26,18,15,8,3,1,3,0,1,7,5.79,1.21
Sam Coonrod,SF,33,0,0,0,27.2,19,11,20,15,3,5,1,0,1,0,3.58,1.23
Juan Minaya,CWS,22,0,0,0,27.2,31,12,27,12,4,0,0,0,0,0,3.90,1.55
Hector Noesi,MIA,12,4,0,0,27.2,30,26,24,14,7,0,3,0,0,0,8.46,1.59
Lewis Thorpe,MIN,12,2,0,0,27.2,38,19,31,10,3,3,2,0,2,1,6.18,1.73
Carson Fulmer,CWS,20,2,0,0,27.1,26,19,25,20,5,1,2,0,0,1,6.26,1.68
Mike Montgomery,CHC,20,0,0,0,27.0,35,17,18,13,6,1,2,0,1,3,5.67,1.78
Casey Sadler,LAD,24,1,0,0,27.0,25,7,20,8,3,4,0,1,1,2,2.33,1.22
Wei-Chung Wang,OAK,20,0,0,0,27.0,22,10,16,11,4,1,0,0,0,0,3.33,1.22
Alex McRae,PIT,11,2,0,0,26.2,36,26,19,16,9,0,4,0,0,0,8.78,1.95
Brock Burke,TEX,6,6,0,0,26.2,30,22,14,11,6,0,2,0,0,0,7.43,1.54
Brad Boxberger,KC,29,0,0,0,26.2,25,16,27,17,3,1,3,1,3,0,5.40,1.58
Jake Jewell,LAA,18,0,0,0,26.1,28,20,23,8,8,0,0,0,0,1,6.84,1.37
Tanner Scott,BAL,28,0,0,0,26.1,28,14,37,19,4,1,1,0,1,2,4.78,1.78
Drew Pomeranz,MIL,25,1,0,0,26.1,16,7,45,8,4,0,1,2,0,12,2.39,0.91
Taylor Guerrieri,TEX,20,0,0,0,26.1,26,17,27,22,3,0,0,0,0,3,5.81,1.82
Gerardo Reyes,SD,27,0,0,0,26.0,24,22,38,11,3,4,0,0,1,1,7.62,1.35
A.J. Cole,CLE,25,0,0,0,26.0,31,11,30,8,4,3,1,1,0,0,3.81,1.50
Hector Santiago,CWS,11,2,0,0,25.2,32,19,34,17,7,0,1,0,0,0,6.66,1.91
Kyle Barraclough,WAS,33,0,0,0,25.2,33,19,30,12,8,1,2,0,2,8,6.66,1.75
Logan Allen,SD,8,4,0,0,25.1,33,19,14,13,4,2,3,0,0,0,6.75,1.82
Kohl Stewart,MIN,9,2,0,0,25.1,29,18,10,8,5,2,2,0,0,1,6.39,1.46
Chance Adams,NYY,13,0,0,0,25.1,39,24,23,11,7,1,1,1,0,0,8.53,1.97
Cody Stashak,MIN,18,1,0,0,25.0,29,9,25,1,3,0,1,0,0,1,3.24,1.20
Joe Smith,HOU,28,0,0,0,25.0,19,5,22,5,2,1,0,0,1,5,1.80,0.96
D.J. Johnson,COL,28,0,0,0,25.0,23,14,24,19,1,0,2,0,0,4,5.04,1.68
Blake Parker,PHI,23,2,0,0,25.0,19,14,31,6,6,2,1,0,0,4,5.04,1.00
Daniel Hudson,WAS,24,0,0,0,25.0,18,4,23,4,3,3,0,6,2,3,1.44,0.88
Seranthony Dominguez,PHI,27,0,0,0,24.2,24,11,29,12,3,3,0,0,2,9,4.01,1.46
Brad Wieck,SD,30,0,0,0,24.2,26,18,31,9,7,0,1,0,2,8,6.57,1.42
Shane Greene,ATL,27,0,0,0,24.2,25,11,21,5,3,0,1,1,2,10,4.01,1.22
Stephen Tarpley,NYY,21,1,0,0,24.2,34,19,34,15,6,1,0,2,0,2,6.93,1.99
Kevin Ginkel,ARI,25,0,0,0,24.1,15,4,28,9,2,3,0,2,0,9,1.48,0.99
Phil Maton,SD,21,0,0,0,24.1,34,21,20,6,6,0,0,0,0,2,7.77,1.64
Jandel Gustave,SF,23,0,0,0,24.1,18,8,14,9,1,0,0,1,1,4,2.96,1.11
Connor Sadzeck,SEA,20,0,0,0,23.2,18,7,27,15,3,0,1,1,1,1,2.66,1.39
Marco Estrada,OAK,5,5,0,0,23.2,23,18,11,8,7,0,2,0,0,0,6.85,1.31
Drew Gagnon,NYM,18,0,0,0,23.2,34,22,17,7,11,3,1,0,1,0,8.37,1.73
Matt Hall,DET,16,0,0,0,23.1,28,20,27,15,4,0,1,0,1,0,7.71,1.84
Zach Duke,CIN,30,0,0,0,23.1,21,13,18,18,4,3,1,0,0,4,5.01,1.67
Travis Lakins,BOS,16,3,0,0,23.1,23,10,18,10,1,0,1,0,0,1,3.86,1.41
Trevor Richards,TB,7,3,0,0,23.1,23,5,24,5,3,3,0,0,0,0,1.93,1.20
Emmanuel Clase,TEX,21,1,0,0,23.1,20,6,21,6,2,2,3,1,0,4,2.31,1.11
Andres Munoz,SD,22,0,0,0,23.0,16,10,30,11,2,1,1,1,1,8,3.91,1.17
Sam Tuivailala,SEA,23,2,0,0,23.0,13,6,27,11,1,1,0,0,1,7,2.35,1.04
Cody Allen,LAA,25,0,0,0,23.0,24,16,29,20,9,0,2,4,0,0,6.26,1.91
Jared Hughes,PHI,25,0,0,0,23.0,16,10,20,8,7,2,1,0,1,4,3.91,1.04
Walker Lockett,NYM,9,4,0,0,22.2,33,21,16,6,6,1,1,0,0,0,8.34,1.72
Sergio Romo,MIN,27,0,0,0,22.2,17,8,27,4,3,0,1,3,2,16,3.18,0.93
Mike Morin,MIN,23,0,0,0,22.2,20,8,11,2,3,0,0,1,0,1,3.18,0.97
T.J. Zeuch,TOR,5,3,0,0,22.2,22,12,20,11,2,1,2,0,0,0,4.76,1.46
Matt Wisler,SEA,23,8,0,0,22.1,22,15,29,6,5,1,2,0,1,4,6.04,1.25
Matt Festa,SEA,20,0,0,0,22.1,20,14,21,12,5,0,2,0,2,3,5.64,1.43
Matt Magill,SEA,22,0,0,0,22.1,21,9,28,5,3,3,2,5,2,1,3.63,1.16
Tanner Anderson,OAK,5,5,0,0,22.1,30,15,18,7,4,0,3,0,0,0,6.04,1.66
Heath Fillmyer,KC,12,3,0,0,22.1,28,20,15,12,6,0,2,0,0,1,8.06,1.79
Kyle Dowdy,TEX,13,1,0,0,22.1,26,18,17,18,4,2,1,0,1,0,7.25,1.97
Kevin Gausman,CIN,15,1,0,0,22.1,21,10,29,5,3,0,2,0,0,2,4.03,1.16
Tyler Bashlor,NYM,24,0,0,0,22.0,21,17,20,17,6,0,3,0,3,1,6.95,1.73
Jimmy Nelson,MIL,10,3,0,0,22.0,25,17,26,17,4,0,2,0,0,0,6.95,1.91
Pedro Payano,TEX,6,4,0,0,22.0,26,14,17,15,3,1,2,0,0,0,5.73,1.86
Ryan Tepera,TOR,23,1,0,0,21.2,20,12,14,8,5,0,2,0,0,2,4.98,1.29
Brock Stewart,TOR,10,0,0,0,21.2,28,20,16,6,9,4,0,0,0,0,8.31,1.57
Jason Adam,TOR,23,0,0,0,21.2,15,7,18,10,1,3,0,0,1,4,2.91,1.15
Dan Winkler,ATL,27,0,0,0,21.2,18,12,22,11,5,3,1,0,1,6,4.98,1.34
Nick Anderson,TB,23,0,0,0,21.1,12,5,41,2,3,3,0,0,3,9,2.11,0.66
JT Chargois,LAD,21,0,0,0,21.1,21,15,28,5,4,1,0,0,0,0,6.33,1.22
Ryne Stanek,MIA,22,0,0,0,21.1,17,13,28,19,4,0,2,1,4,5,5.48,1.69
Cy Sneed,HOU,8,0,0,0,21.1,26,13,23,5,5,0,1,0,0,0,5.48,1.45
Eric Skoglund,KC,6,4,0,0,21.0,30,21,4,9,5,0,3,0,0,0,9.00,1.86
Nick Kingham,TOR,11,0,0,0,21.0,24,7,14,8,4,3,1,0,0,0,3.00,1.52
Tony Sipp,WAS,36,0,0,0,21.0,19,11,18,9,1,1,2,0,1,9,4.71,1.33
Mark Melancon,ATL,23,0,0,0,21.0,22,9,24,2,1,1,0,11,0,0,3.86,1.14
Dillon Tate,BAL,16,0,0,0,21.0,18,15,20,9,3,0,2,0,0,1,6.43,1.29
Reggie McClain,SEA,14,2,0,0,21.0,22,14,11,13,2,1,1,0,1,0,6.00,1.67
Hunter Strickland,WAS,24,0,0,0,21.0,20,12,15,8,5,2,0,0,0,11,5.14,1.33
Austin Davis,PHI,14,0,0,0,20.2,22,15,24,14,6,0,0,0,0,0,6.53,1.74
Ty Blach,BAL,5,5,0,0,20.2,32,26,17,13,6,1,3,0,0,0,11.32,2.18
Matt Koch,ARI,9,0,0,0,20.2,29,21,9,4,8,0,0,0,0,0,9.15,1.60
Tyler Anderson,COL,5,5,0,0,20.2,33,27,23,11,8,0,3,0,0,0,11.76,2.13
Craig Kimbrel,CHC,23,0,0,0,20.2,21,15,30,12,9,0,4,13,3,0,6.53,1.60
Mike Shawaryn,BOS,14,0,0,0,20.1,26,22,29,13,5,0,0,0,0,0,9.74,1.92
Jake Diekman,OAK,28,0,0,0,20.1,16,10,21,16,0,1,1,0,0,13,4.43,1.57
Genesis Cabrera,STL,13,2,0,0,20.1,23,11,19,11,2,0,2,1,0,1,4.87,1.67
Buddy Boshers,TOR,28,1,0,0,20.0,20,9,26,10,3,0,3,0,0,4,4.05,1.50
Richard Lovelady,KC,25,0,0,0,20.0,30,17,17,8,2,0,3,0,1,2,7.65,1.90
Bryse Wilson,ATL,6,4,0,0,20.0,26,16,16,10,5,1,1,0,0,0,7.20,1.80
Kyle Wright,ATL,7,4,0,0,19.2,24,19,18,13,4,0,3,0,0,0,8.69,1.88
Jose Rodriguez,LAA,9,1,0,0,19.2,17,6,13,11,5,0,1,0,0,0,2.75,1.42
Ryan Burr,CWS,16,1,0,0,19.2,17,10,20,8,3,1,1,0,0,0,4.58,1.27
Jacob Barnes,MIL,18,1,0,0,19.2,22,15,22,11,3,1,1,0,0,1,6.86,1.68
Paul Sewald,NYM,17,0,0,0,19.2,18,10,22,3,3,1,1,1,0,0,4.58,1.07
Travis Bergen,SF,21,0,0,0,19.2,18,12,18,9,4,2,0,0,0,0,5.49,1.37
Ronald Bolanos,SD,5,3,0,0,19.2,17,13,19,12,3,0,2,0,0,0,5.95,1.47
Josh Staumont,KC,16,0,0,0,19.1,21,8,15,10,4,0,0,0,1,0,3.72,1.60
Casey Sadler,TB,9,0,0,0,19.1,16,4,11,5,2,0,0,0,0,0,1.86,1.09
David McKay,DET,18,0,0,0,19.1,15,12,29,9,2,0,0,0,1,1,5.59,1.24
Wes Parsons,COL,15,0,0,0,19.1,21,15,14,16,4,0,0,0,0,1,6.98,1.91
Corbin Martin,HOU,5,5,0,0,19.1,23,12,19,12,8,1,1,0,0,0,5.59,1.81
Chandler Shepherd,BAL,5,3,0,0,19.0,23,14,17,6,5,0,0,0,0,0,6.63,1.53
Sam Howard,COL,20,0,0,0,19.0,21,14,23,10,5,2,0,0,0,0,6.63,1.63
JD Hammer,PHI,20,0,0,0,19.0,15,8,13,12,2,1,0,0,1,0,3.79,1.42
Mike Mayers,STL,16,0,0,0,19.0,21,14,16,11,3,0,1,0,0,1,6.63,1.68
Aaron Sanchez,HOU,4,4,0,0,18.2,14,10,16,9,5,2,0,0,0,0,4.82,1.23
Tyler Thornburg,BOS,16,0,0,0,18.2,21,16,22,10,4,0,0,0,0,0,7.71,1.66
Kyle Zimmer,KC,15,0,0,0,18.1,28,22,18,19,2,0,1,0,0,0,10.80,2.56
Brent Suter,MIL,9,0,0,0,18.1,10,1,15,1,1,4,0,0,0,2,0.49,0.60
Jimmie Sherfy,ARI,17,0,0,0,18.1,23,12,22,5,4,1,0,1,1,0,5.89,1.53
Seunghwan Oh,COL,21,0,0,0,18.1,29,19,16,6,6,3,1,0,1,3,9.33,1.91
Rogelio Armenteros,HOU,5,2,0,0,18.0,17,8,18,5,1,1,1,1,0,0,4.00,1.22
Pat Neshek,PHI,20,0,0,0,18.0,23,10,9,2,5,0,1,3,0,6,5.00,1.39
Tyler Rogers,SF,17,0,0,0,17.2,12,2,16,3,0,2,0,0,2,5,1.02,0.85
Mike Dunn,COL,28,0,0,0,17.2,17,14,15,6,4,1,0,0,1,2,7.13,1.30
Chris Martin,ATL,20,0,0,0,17.2,17,8,22,1,1,1,1,0,1,6,4.08,1.02
David Phelps,TOR,17,1,0,0,17.1,14,7,18,7,3,0,0,0,2,4,3.63,1.21
Scott Alexander,LAD,28,0,0,0,17.1,17,7,9,7,2,3,2,0,0,6,3.63,1.38
Montana DuRapau,PIT,14,2,0,0,17.1,27,18,22,9,4,0,1,0,0,0,9.35,2.08
James Marvel,PIT,4,4,0,0,17.1,25,16,9,6,4,0,3,0,0,0,8.31,1.79
Parker Markel,PIT,15,0,0,0,17.1,16,11,21,13,3,0,1,0,0,0,5.71,1.67
Zac Grotz,SEA,14,0,0,0,17.1,14,8,18,8,0,1,0,0,0,1,4.15,1.27
Conner Menez,SF,8,3,0,0,17.0,13,10,22,12,4,0,1,0,0,0,5.29,1.47
David Phelps,CHC,24,0,0,0,17.0,17,6,18,10,2,2,1,1,2,1,3.18,1.59
Neil Ramirez,CLE,16,0,0,0,16.2,18,10,18,9,5,0,1,0,0,2,5.40,1.62
Joe Palumbo,TEX,7,4,0,0,16.2,21,17,21,8,7,0,3,0,0,0,9.18,1.74
Jonathan Hernandez,TEX,9,2,0,0,16.2,14,8,19,13,3,2,1,0,0,1,4.32,1.62
Chasen Bradford,SEA,12,0,0,0,16.2,17,9,11,4,6,0,0,1,0,1,4.86,1.26
Hunter Wood,CLE,17,0,0,0,16.1,20,7,15,5,3,0,0,0,0,1,3.86,1.53
Sal Romano,CIN,12,0,0,0,16.1,22,14,16,8,4,1,0,2,0,1,7.71,1.84
Trevor Hildenberger,MIN,22,0,0,0,16.1,30,19,15,7,2,2,2,1,0,6,10.47,2.27
Chris Mazza,NYM,9,0,0,0,16.1,21,10,11,5,0,1,1,0,0,0,5.51,1.59
Aaron Wilkerson,MIL,8,0,0,0,16.0,25,13,11,9,4,0,0,0,0,0,7.31,2.13
Mike Wright Jr.,SEA,9,0,0,0,16.0,24,12,16,5,1,0,0,0,0,0,6.75,1.81
Johnny Cueto,SF,4,4,0,0,16.0,11,9,13,9,3,1,2,0,0,0,5.06,1.25
Zack Godley,TOR,6,0,0,0,16.0,15,7,12,7,2,1,0,0,0,0,3.94,1.38
Edinson Volquez,TEX,11,4,0,0,16.0,20,12,10,12,3,0,1,0,0,1,6.75,2.00
Phillips Valdez,TEX,11,0,0,0,16.0,17,7,18,9,3,0,0,0,0,0,3.94,1.63
Kyle McGowin,WAS,7,1,0,0,16.0,22,18,18,4,7,0,0,1,0,0,10.13,1.63
Justin Miller,WAS,17,0,0,0,15.2,16,7,11,4,5,1,0,0,1,4,4.02,1.28
Josh Lucas,BAL,9,0,0,0,15.2,14,10,16,7,2,0,0,1,0,0,5.74,1.34
Derek Holland,CHC,20,1,0,0,15.2,14,12,11,10,3,0,1,0,1,2,6.89,1.53
Jeanmar Gomez,TEX,16,0,0,0,15.1,23,14,10,6,2,1,0,0,0,0,8.22,1.89
Adalberto Mejia,MIN,13,0,0,0,15.1,16,15,15,12,3,0,2,0,1,2,8.80,1.83
Wes Parsons,ATL,17,0,0,0,15.1,11,6,12,13,2,1,2,0,0,1,3.52,1.57
Jordan Romano,TOR,17,0,0,0,15.1,17,13,21,9,4,0,2,0,0,5,7.63,1.70
Reed Garrett,DET,13,0,0,0,15.1,24,14,10,13,3,0,0,0,1,0,8.22,2.41
Carl Edwards Jr.,CHC,20,0,0,0,15.1,8,10,17,9,3,1,1,0,2,4,5.87,1.11
Edubray Ramos,PHI,20,0,0,0,15.0,19,9,11,7,5,1,0,0,2,2,5.40,1.73
Dan Altavilla,SEA,17,0,0,0,14.2,9,9,18,12,1,2,1,0,2,1,5.52,1.43
Joe Biagini,HOU,13,0,0,0,14.2,21,12,10,9,6,0,1,0,0,0,7.36,2.05
Taylor Williams,MIL,10,0,0,0,14.2,22,16,15,7,1,1,1,0,1,0,9.82,1.98
Brad Brach,NYM,16,0,0,0,14.2,15,6,15,3,1,1,1,0,1,2,3.68,1.23
Jhoulys Chacin,BOS,6,5,0,0,14.2,16,12,21,7,6,0,2,0,0,0,7.36,1.57
Josh Rogers,BAL,5,0,0,0,14.1,18,14,5,6,7,0,1,0,0,0,8.79,1.67
Drew Steckenrider,MIA,15,0,0,0,14.1,9,10,14,5,6,0,2,0,1,3,6.28,0.98
Fernando Rodney,OAK,17,0,0,0,14.1,20,15,14,12,2,0,2,0,1,0,9.42,2.23
Javy Guerra,TOR,11,0,0,0,14.0,12,6,15,5,1,0,0,1,0,1,3.86,1.21
Anthony Kay,TOR,3,2,0,0,14.0,15,9,13,5,0,1,0,0,0,0,5.79,1.43
Wilmer Font,TB,10,0,0,0,14.0,15,9,18,5,2,1,0,0,0,1,5.79,1.43
Zac Rosscup,SEA,19,0,0,0,14.0,13,5,20,14,1,2,0,0,1,5,3.21,1.93
Nick Vincent,PHI,14,0,0,0,14.0,11,3,17,4,1,1,2,0,0,1,1.93,1.07
Yefry Ramirez,PIT,9,0,0,0,14.0,19,12,16,7,2,0,0,0,0,0,7.71,1.86
Austin Adams,DET,13,0,0,0,14.0,14,8,9,10,2,0,0,0,0,0,5.14,1.71
Ray Black,MIL,15,0,0,0,14.0,10,8,13,8,4,0,1,0,2,2,5.14,1.29
Fernando Romero,MIN,15,0,0,0,14.0,19,11,18,11,2,0,1,0,0,1,7.07,2.14
Cory Gearrin,NYY,18,0,0,0,14.0,17,7,8,4,2,1,1,0,0,2,4.50,1.50
Devin Williams,MIL,13,0,0,0,13.2,18,6,14,6,2,0,0,0,0,2,3.95,1.76
Chris Flexen,NYM,9,1,0,0,13.2,15,10,10,13,1,0,3,0,0,0,6.59,2.05
Nick Tropeano,LAA,3,1,0,0,13.2,18,15,10,6,6,0,1,0,0,0,9.88,1.76
Anthony Swarzak,SEA,15,0,0,0,13.2,14,8,17,8,6,2,2,3,3,0,5.27,1.61
Odrisamer Despaigne,CWS,3,3,0,0,13.1,24,14,7,7,3,0,2,0,0,0,9.45,2.33
Ervin Santana,CWS,3,3,0,0,13.1,19,14,5,6,6,0,2,0,0,0,9.45,1.88
Mike Wright Jr.,BAL,10,0,0,0,13.1,20,14,14,7,5,0,1,1,1,0,9.45,2.03
Luke Farrell,TEX,9,1,0,0,13.1,6,4,12,3,3,1,0,0,0,0,2.70,0.68
Fernando Abad,SF,21,0,0,0,13.0,9,6,9,3,2,0,2,0,0,8,4.15,0.92
John Schreiber,DET,13,0,0,0,13.0,16,9,19,4,3,2,0,0,1,1,6.23,1.54
Jacob Barnes,KC,15,0,0,0,13.0,14,12,10,11,4,0,4,0,0,0,8.31,1.92
Adalberto Mejia,LAA,20,0,0,0,13.0,9,5,13,8,1,0,0,0,0,2,3.46,1.31
Burch Smith,MIL,7,0,0,0,12.2,16,11,14,10,3,0,1,0,0,0,7.82,2.05
Kyle Bird,TEX,12,0,0,0,12.2,11,11,10,15,5,0,0,1,0,0,7.82,2.05
Ian Gibaut,TEX,9,0,0,0,12.1,11,7,14,8,1,1,1,0,0,0,5.11,1.54
Peter Fairbanks,TB,13,0,0,0,12.1,17,7,13,3,1,2,1,2,0,3,5.11,1.62
Taylor Guilbeau,SEA,17,0,0,0,12.1,10,5,7,3,2,0,0,0,2,3,3.65,1.05
Alex Cobb,BAL,3,3,0,0,12.1,21,15,8,2,9,0,2,0,0,0,10.95,1.86
Adbert Alzolay,CHC,4,2,0,0,12.1,13,10,13,9,4,1,1,0,0,0,7.30,1.78
Phil Maton,CLE,9,0,0,0,12.1,4,4,13,6,1,0,0,0,0,0,2.92,0.81
Grant Dayton,ATL,14,0,0,0,12.0,12,4,14,4,4,0,1,0,1,1,3.00,1.33
Luis Severino,NYY,3,3,0,0,12.0,6,2,17,6,0,1,1,0,0,0,1.50,1.00
Jesus Luzardo,OAK,6,0,0,0,12.0,5,2,16,3,1,0,0,2,0,2,1.50,0.67
Adam Kolarek,LAD,26,0,0,0,11.2,9,1,9,2,1,2,0,0,0,3,0.77,0.94
Dillon Maples,CHC,14,0,0,0,11.2,6,7,18,10,2,1,0,0,0,0,5.40,1.37
Duane Underwood,CHC,12,0,0,0,11.2,13,7,13,3,2,0,0,0,0,0,5.40,1.37
R.J. Alaniz,CIN,8,0,0,0,11.2,8,7,7,4,0,1,0,0,0,0,5.40,1.03
Bobby Poyner,BOS,13,1,0,0,11.2,10,9,11,5,2,0,1,0,0,0,6.94,1.29
Eric Yardley,SD,10,0,0,0,11.2,12,3,7,3,1,0,1,0,0,0,2.31,1.29
Jesse Biddle,ATL,15,0,0,0,11.2,18,7,11,10,1,0,1,0,0,0,5.40,2.40
Junior Fernandez,STL,13,0,0,0,11.2,9,7,16,6,2,0,1,0,3,0,5.40,1.29
Alex Wilson,MIL,13,0,0,0,11.1,15,12,13,9,3,1,1,1,0,1,9.53,2.12
A.J. Puk,OAK,10,0,0,0,11.1,10,4,13,5,1,2,0,0,1,2,3.18,1.32
Sam Dyson,MIN,12,0,0,0,11.1,14,9,8,6,3,1,0,0,1,6,7.15,1.76
Paul Blackburn,OAK,4,1,0,0,11.0,19,13,8,4,3,0,2,0,0,0,10.64,2.09
Allen Webster,CHC,12,0,0,0,11.0,14,6,9,5,2,0,0,1,0,0,4.91,1.73
Jesse Biddle,SEA,11,0,0,0,11.0,20,12,8,7,2,0,0,0,1,1,9.82,2.45
David Bednar,SD,13,0,0,0,11.0,10,8,14,5,3,0,2,0,0,2,6.55,1.36
Enyel De Los Santos,PHI,5,1,0,0,11.0,13,9,9,5,4,0,1,0,0,0,7.36,1.64
Rookie Davis,PIT,5,1,0,0,10.2,12,8,10,8,3,0,1,0,0,0,6.75,1.88
Robert Stock,SD,10,0,0,0,10.2,14,12,15,8,2,1,0,0,1,0,10.13,2.06
Randy Rosario,CHC,13,0,0,0,10.2,12,7,10,5,2,1,0,0,1,0,5.91,1.59
Kyle Keller,MIA,10,0,0,0,10.2,5,4,11,8,3,0,0,0,0,0,3.38,1.22
Eduardo Jimenez,DET,8,0,0,0,10.2,12,7,8,5,1,0,0,0,0,0,5.91,1.59
James Pazos,COL,12,0,0,0,10.1,7,2,10,4,1,0,0,0,0,3,1.74,1.06
Sam Selman,SF,10,0,0,0,10.1,6,5,10,6,2,0,0,0,1,1,4.35,1.16
Yacksel Rios,PIT,10,0,0,0,10.1,10,6,10,5,2,1,0,0,0,1,5.23,1.45
Yefry Ramirez,BAL,4,1,0,0,10.1,11,8,11,9,2,0,2,0,0,0,6.97,1.94
Nate Jones,CWS,13,0,0,0,10.1,10,4,10,7,2,0,1,1,0,2,3.48,1.65
Brad Wieck,CHC,14,0,0,0,10.0,2,4,18,4,1,2,1,0,0,1,3.60,0.60
Joe Harvey,NYY,9,0,0,0,10.0,11,5,11,7,1,1,0,0,0,0,4.50,1.80
Harrison Musgrave,COL,10,0,0,0,10.0,9,4,12,7,0,0,0,0,0,0,3.60,1.60
Matt Moore,DET,2,2,0,0,10.0,3,0,9,1,0,0,0,0,0,0,0.00,0.40
Jake Faria,TB,7,0,0,0,10.0,10,3,11,7,2,0,0,0,0,0,2.70,1.70
Brusdar Graterol,MIN,10,0,0,0,9.2,10,5,10,2,1,1,1,0,0,1,4.66,1.24
Brian Schlitter,OAK,6,0,0,0,9.2,12,4,6,4,0,0,0,0,0,0,3.72,1.66
Joel Kuhnel,CIN,11,0,0,0,9.2,8,5,9,5,1,1,0,0,0,1,4.66,1.34
Matt Carasiti,SEA,11,5,0,0,9.2,11,5,10,5,2,0,1,0,0,0,4.66,1.66
Dovydas Neverauskas,PIT,10,0,0,0,9.1,15,11,10,7,2,0,0,0,0,1,10.61,2.36
Shane Carle,ATL,6,0,0,0,9.1,11,10,6,9,3,0,0,0,0,0,9.64,2.14
James Norwood,CHC,9,0,0,0,9.1,9,3,11,8,1,0,1,0,0,0,2.89,1.82
Miguel Del Pozo,LAA,17,0,0,0,9.1,10,11,11,8,3,1,1,0,0,0,10.61,1.93
Jeremy Walker,ATL,6,0,0,0,9.1,9,2,6,4,0,0,0,0,0,0,1.93,1.39
Trevor Rosenthal,DET,10,0,0,0,9.0,3,7,12,11,0,0,0,0,0,1,7.00,1.56
Cionel Perez,HOU,5,0,0,0,9.0,11,10,7,2,3,1,1,0,0,0,10.00,1.44
Josh Sborz,LAD,7,0,0,0,9.0,10,8,7,4,2,0,1,0,0,0,8.00,1.56
Ryan Dull,OAK,7,0,0,0,9.0,19,12,8,4,4,0,0,0,0,1,12.00,2.56
Gerson Bautista,SEA,8,2,0,0,9.0,13,11,7,9,2,0,1,0,0,0,11.00,2.44
Burch Smith,SF,10,0,0,0,8.2,10,2,6,4,0,0,0,0,1,0,2.08,1.62
Javy Guerra,SD,8,0,0,0,8.2,7,5,6,3,3,0,0,0,0,0,5.19,1.15
Nick Burdi,PIT,11,0,0,0,8.2,11,9,17,3,1,2,1,0,1,0,9.35,1.62
Garrett Richards,SD,3,3,0,0,8.2,10,8,11,6,2,0,1,0,0,0,8.31,1.85
Peter Fairbanks,TEX,8,0,0,0,8.2,8,9,15,7,4,0,2,0,0,0,9.35,1.73
Bryan Abreu,HOU,7,0,0,0,8.2,4,1,13,3,0,0,0,0,0,0,1.04,0.81
Tyler Lyons,NYY,11,0,0,0,8.2,7,4,12,2,3,0,1,0,0,0,4.15,1.04
Jake Faria,MIL,9,0,0,0,8.2,18,11,8,5,3,0,1,0,0,2,11.42,2.65
Daniel Zamora,NYM,17,0,0,0,8.2,10,5,8,5,1,0,1,0,0,0,5.19,1.73
Tayler Scott,BAL,8,0,0,0,8.2,20,18,7,5,5,0,0,0,0,0,18.69,2.88
Cody Anderson,CLE,5,2,0,0,8.2,12,9,9,8,1,0,1,0,1,0,9.35,2.31
Tim Collins,CHC,9,0,0,0,8.2,9,3,4,3,1,0,0,0,0,0,3.12,1.38
Trevor Kelley,BOS,10,0,0,0,8.1,9,8,6,5,2,0,3,0,0,0,8.64,1.68
James Hoyt,CLE,8,0,0,0,8.1,6,2,10,2,2,0,0,0,0,1,2.16,0.96
Neil Ramirez,TOR,6,1,0,0,8.1,8,5,6,6,2,0,0,0,0,0,5.40,1.68
Sean Poppen,MIN,4,0,0,0,8.1,10,7,9,5,1,0,0,0,0,0,7.56,1.80
Josh D. Smith,CLE,8,0,0,0,8.1,8,5,12,8,0,0,0,0,0,0,5.40,1.92
Joe Harvey,COL,9,0,0,0,8.0,7,5,6,6,2,0,0,0,0,0,5.63,1.63
JC Ramirez,LAA,5,0,0,0,8.0,8,4,4,1,1,0,0,0,0,0,4.50,1.13
Jon Edwards,CLE,9,0,0,0,8.0,5,2,5,6,2,2,0,0,0,0,2.25,1.38
Hector Santiago,NYM,8,0,0,0,8.0,10,6,6,5,1,1,0,0,0,0,6.75,1.88
Kyle Barraclough,SF,10,0,0,0,8.0,5,2,10,9,1,0,0,0,1,0,2.25,1.75
Jake Petricka,MIL,6,0,0,0,8.0,6,3,3,6,0,0,0,0,0,0,3.38,1.50
Adrian Morejon,SD,5,2,0,0,8.0,15,9,9,3,1,0,0,0,0,0,10.13,2.25
Keynan Middleton,LAA,11,0,0,0,7.2,4,1,6,7,0,0,0,0,0,0,1.17,1.43
Tayler Scott,SEA,5,2,0,0,7.2,11,8,7,6,1,0,0,0,0,0,9.39,2.22
Ryan Eades,BAL,6,0,0,0,7.2,7,3,5,4,2,0,1,0,1,1,3.52,1.43
Cole Sulser,TB,7,0,0,0,7.1,5,0,9,3,0,0,0,0,0,0,0.00,1.09
Robby Scott,ARI,11,0,0,0,7.1,8,4,9,7,1,1,0,0,0,0,4.91,2.05
Phillip Diehl,COL,10,0,0,0,7.1,10,6,8,2,1,0,0,0,0,0,7.36,1.64
Gabe Speier,KC,9,0,0,0,7.1,5,6,10,6,2,0,0,0,0,1,7.36,1.50
Ben Heller,NYY,6,0,0,0,7.1,6,1,9,3,1,0,0,0,0,0,1.23,1.23
Tim Peterson,NYM,6,0,0,0,7.1,7,4,3,7,1,0,0,0,0,0,4.91,1.91
Brooks Pounders,NYM,7,0,0,0,7.1,9,5,5,2,1,1,0,0,0,0,6.14,1.50
David McKay,SEA,7,0,0,0,7.0,5,4,5,8,1,0,0,0,0,0,5.14,1.86
Thyago Vieira,CWS,6,0,0,0,7.0,11,7,8,5,0,1,0,0,0,0,9.00,2.29
Bryan Garcia,DET,7,0,0,0,6.2,9,9,7,5,1,0,0,0,1,1,12.15,2.10
Corey Oswalt,NYM,2,0,0,0,6.2,9,9,5,6,1,0,1,0,0,0,12.15,2.25
Donnie Hart,MIL,4,0,0,0,6.2,4,0,3,4,0,0,0,0,0,0,0.00,1.20
Stephen Nogosek,NYM,7,0,0,0,6.2,12,8,6,2,2,0,1,0,0,0,10.80,2.10
Justin Dunn,SEA,4,4,0,0,6.2,2,2,5,9,0,0,0,0,0,0,2.70,1.65
Williams Jerez,SF,6,0,0,0,6.2,7,2,4,6,1,1,0,0,0,1,2.70,1.95
David Robertson,PHI,7,0,0,0,6.2,8,4,6,6,1,0,1,0,0,2,5.40,2.10
Locke St. John,TEX,7,0,0,0,6.2,7,4,5,4,0,0,0,0,0,2,5.40,1.65
Ryan Borucki,TOR,2,2,0,0,6.2,15,8,6,6,2,0,1,0,0,0,10.80,3.15
Miguel Diaz,SD,5,0,0,0,6.1,9,5,4,1,1,0,0,0,0,1,7.11,1.58
Jacob Rhame,NYM,5,0,0,0,6.1,3,3,5,9,1,0,1,0,0,0,4.26,1.89
Trevor Rosenthal,WAS,12,0,0,0,6.1,8,16,5,15,0,0,1,0,0,1,22.74,3.63
Brian Moran,MIA,10,0,0,0,6.1,6,3,10,2,1,1,0,0,1,2,4.26,1.26
Jimmy Herget,CIN,5,0,0,0,6.1,8,3,0,3,2,0,0,0,0,0,4.26,1.74
Cody Reed,CIN,3,0,0,0,6.1,6,1,7,1,0,0,0,0,0,0,1.42,1.11
Ty Blach,SF,2,0,0,0,6.1,14,10,3,4,2,0,0,0,0,0,14.21,2.84
Hunter Harvey,BAL,7,0,0,0,6.1,3,1,11,4,1,1,0,0,1,1,1.42,1.11
Steven Wright,BOS,6,0,0,0,6.1,11,6,5,4,3,0,1,0,0,0,8.53,2.37
Drew Anderson,PHI,2,0,0,0,6.0,6,5,6,6,1,0,0,0,0,0,7.50,2.00
Carlos Torres,DET,4,0,0,0,6.0,9,5,8,1,2,0,0,0,0,0,7.50,1.67
Rico Garcia,COL,2,1,0,0,6.0,9,7,2,5,3,0,1,0,0,0,10.50,2.33
Luke Gregerson,STL,6,0,0,0,5.2,11,5,2,1,0,0,0,0,0,0,7.94,2.12
Wandy Peralta,SF,8,0,0,0,5.2,4,2,5,1,1,0,0,0,0,1,3.18,0.88
Luis Escobar,PIT,4,0,0,0,5.2,10,5,2,4,1,0,0,0,0,0,7.94,2.47
Wei-Chieh Huang,TEX,4,0,0,0,5.2,8,2,2,5,0,0,0,0,0,0,3.18,2.29
Ryan Feierabend,TOR,2,1,1,0,5.2,11,7,4,1,2,0,1,0,0,0,11.12,2.12
Jesse Biddle,TEX,4,0,0,0,5.1,4,7,7,5,2,0,0,0,0,0,11.81,1.69
Tommy Hunter,PHI,5,0,0,0,5.1,2,0,5,0,0,0,0,0,0,1,0.00,0.38
Enderson Franco,SF,5,0,0,0,5.1,4,2,4,1,1,0,0,0,0,1,3.38,0.94
Art Warren,SEA,6,0,0,0,5.1,2,0,5,2,0,1,0,0,0,1,0.00,0.75
Pedro Avila,SD,1,1,0,0,5.1,4,1,5,2,0,0,0,0,0,0,1.69,1.13
Nate Karns,BAL,4,2,0,0,5.1,7,0,5,3,0,0,1,0,0,0,0.00,1.88
Reymin Guduan,HOU,7,0,0,0,5.1,8,7,6,4,3,1,0,0,1,0,11.81,2.25
Darren O'Day,ATL,8,0,0,0,5.1,3,1,6,1,0,0,0,0,0,0,1.69,0.75
James Karinchak,CLE,5,0,0,0,5.1,3,1,8,1,0,0,0,0,0,0,1.69,0.75
Brady Rodgers,HOU,3,0,0,0,5.0,7,9,4,3,4,0,0,0,0,0,16.20,2.00
Dennis Santana,LAD,3,0,0,0,5.0,6,4,6,4,1,0,0,0,0,0,7.20,2.00
Jaime Schultz,LAD,4,0,0,0,5.0,6,4,3,3,1,0,0,0,0,0,7.20,1.80
Michael Blazek,WAS,4,0,0,0,5.0,6,4,0,5,1,0,0,0,0,0,7.20,2.20
Jonny Venters,ATL,9,0,0,0,4.2,9,9,7,8,3,0,0,1,1,1,17.36,3.64
Yohander Mendez,TEX,3,0,0,0,4.2,4,3,8,5,2,1,0,0,0,0,5.79,1.93
Andrew Moore,SEA,1,1,0,0,4.2,6,4,2,1,2,0,0,0,0,0,7.71,1.50
Victor Arano,PHI,3,0,0,0,4.2,2,2,7,2,1,1,0,0,0,0,3.86,0.86
Parker Markel,SEA,5,0,0,0,4.2,10,8,3,4,3,0,0,0,0,0,15.43,3.00
Jesse Hahn,KC,6,0,0,0,4.2,7,7,7,6,1,0,1,0,0,0,13.50,2.79
Matt Wotherspoon,BAL,2,0,0,0,4.2,10,8,2,2,2,0,0,0,0,0,15.43,2.57
Dan Jennings,WAS,8,0,0,0,4.2,8,7,9,7,1,1,2,0,2,0,13.50,3.21
Josh D. Smith,MIA,6,0,0,0,4.1,3,4,2,3,0,0,0,0,0,0,8.31,1.38
Tyler Lyons,PIT,3,0,0,0,4.0,6,5,5,3,1,1,1,0,0,1,11.25,2.25
Jordan Montgomery,NYY,2,1,0,0,4.0,7,3,5,0,1,0,0,0,0,0,6.75,1.75
Joel Payamps,ARI,2,0,0,0,4.0,4,2,3,3,0,0,0,0,0,0,4.50,1.75
Danny Salazar,CLE,1,1,0,0,4.0,4,2,2,3,2,0,1,0,0,0,4.50,1.75
R.J. Alaniz,SEA,4,0,0,0,4.0,11,9,6,3,3,0,0,0,0,0,20.25,3.50
Wei-Chung Wang,PIT,5,0,0,0,4.0,5,3,2,3,0,2,0,0,0,0,6.75,2.00
Arodys Vizcaino,ATL,4,0,0,0,4.0,3,1,6,3,1,1,0,1,1,0,2.25,1.50
Brock Stewart,LAD,3,0,0,0,4.0,9,8,3,2,2,0,0,0,0,0,18.00,2.75
Anthony Banda,TB,3,0,0,0,4.0,6,3,2,0,0,0,0,0,0,0,6.75,1.50
Jose De Leon,TB,3,0,0,0,4.0,3,1,7,3,0,1,0,0,0,0,2.25,1.50
Hoby Milner,TB,4,0,0,0,3.2,4,3,3,1,0,0,0,0,0,1,7.36,1.36
Williams Jerez,PIT,6,0,0,0,3.2,5,3,5,3,1,0,0,0,0,0,7.36,2.18
Keury Mella,CIN,2,0,0,0,3.2,5,3,4,2,0,0,0,0,0,0,7.36,1.91
Ryan Eades,MIN,2,0,0,0,3.2,4,0,5,2,0,0,0,0,0,0,0.00,1.64
Shawn Armstrong,SEA,4,0,0,0,3.2,8,6,3,3,1,0,1,0,0,0,14.73,3.00
Jake Barrett,NYY,2,0,0,0,3.2,6,6,4,2,2,0,0,0,0,0,14.73,2.18
Randy Rosario,KC,6,0,0,0,3.2,3,0,3,0,0,1,0,0,0,0,0.00,0.82
Jose Fernandez,DET,4,0,0,0,3.2,6,7,2,5,1,0,0,0,0,0,17.18,3.00
Luis Ortiz,BAL,1,1,0,0,3.1,4,4,3,5,2,0,1,0,0,0,10.80,2.70
Danny Hultzen,CHC,6,0,0,0,3.1,4,0,5,2,0,0,0,0,0,0,0.00,1.80
Aaron Loup,SD,4,0,0,0,3.1,2,0,5,1,0,0,0,0,0,1,0.00,0.90
Pat Venditte,SF,2,0,0,0,3.1,4,6,2,2,1,0,0,0,0,0,16.20,1.80
David Carpenter,TEX,4,0,0,0,3.1,4,2,2,4,0,0,0,0,0,0,5.40,2.40
Jonny Venters,WAS,3,0,0,0,3.1,3,2,5,2,0,0,1,0,0,1,5.40,1.50
Hunter Strickland,SEA,4,0,0,0,3.1,2,3,3,0,1,0,1,2,1,0,8.10,0.60
Aaron Slegers,TB,1,0,0,0,3.0,3,1,0,0,1,0,0,1,0,0,3.00,1.00
Zac Rosscup,LAD,7,0,0,0,3.0,6,2,4,3,1,0,0,0,0,0,6.00,3.00
Alex Reyes,STL,4,0,0,0,3.0,2,5,1,6,1,0,1,0,0,2,15.00,2.67
Ryan Garton,SEA,2,0,0,0,3.0,4,4,1,1,2,0,0,0,0,0,12.00,1.67
Roenis Elias,WAS,4,0,0,0,3.0,5,3,2,1,2,0,0,0,1,1,9.00,2.00
Erasmo Ramirez,BOS,1,0,0,0,3.0,4,4,1,1,2,0,0,0,0,0,12.00,1.67
Huascar Ynoa,ATL,2,0,0,0,3.0,6,6,3,1,1,0,0,0,0,0,18.00,2.33
Adalberto Mejia,STL,2,0,0,0,3.0,8,3,2,1,0,0,0,0,0,0,9.00,3.00
Joe Mantiply,NYY,1,0,0,0,3.0,3,3,2,2,1,1,0,0,0,0,9.00,1.67
Brady Lail,NYY,1,0,0,0,2.2,2,3,2,1,1,0,0,0,0,0,10.13,1.13
Austin Adams,MIN,2,0,0,0,2.2,4,5,5,3,2,0,0,0,0,0,16.88,2.63
Caleb Frare,CWS,5,0,0,0,2.2,2,3,3,4,1,0,0,0,0,0,10.13,2.25
Yacksel Rios,PHI,4,0,0,0,2.2,6,4,2,3,2,0,0,0,0,0,13.50,3.38
Fernando Salas,PHI,3,0,0,0,2.2,8,2,3,0,1,0,0,0,0,0,6.75,3.00
Ricardo Pinto,TB,2,0,0,0,2.1,4,4,0,2,1,0,0,0,0,0,15.43,2.57
Ryan Dull,NYY,3,0,0,0,2.1,5,5,4,3,0,0,0,0,0,0,19.29,3.43
Aaron Barrett,WAS,3,0,0,0,2.1,5,4,1,4,1,0,0,0,0,0,15.43,3.86
Logan Allen,CLE,1,0,0,0,2.1,3,0,3,0,0,0,0,0,0,0,0.00,1.29
John Curtiss,LAA,1,0,0,0,2.1,2,1,1,3,0,0,0,0,0,0,3.86,2.14
Sean Gilmartin,BAL,1,1,0,0,2.1,7,5,1,2,2,0,1,0,0,0,19.29,3.86
Xavier Cedeno,CHC,5,0,0,0,2.0,4,0,1,3,0,0,0,0,0,0,0.00,3.50
Adonis Rosa,NYY,1,0,0,0,2.0,1,1,2,0,1,0,0,0,0,0,4.50,0.50
Michael King,NYY,1,0,0,0,2.0,2,0,1,0,0,0,0,0,0,0,0.00,1.00
Ray Black,SF,2,0,0,0,2.0,4,1,5,1,1,0,0,0,0,0,4.50,2.50
Sam Freeman,LAA,1,0,0,0,2.0,3,1,0,2,1,0,0,0,0,0,4.50,2.50
Ian Gibaut,TB,1,0,0,0,2.0,1,2,2,2,0,0,0,0,0,0,9.00,1.50
Chasen Shreve,STL,3,0,0,0,2.0,2,2,2,1,0,1,0,0,0,1,9.00,1.50
Carl Edwards Jr.,SD,2,0,0,0,1.2,4,6,2,4,0,0,0,0,0,0,32.40,4.80
Jorge Alcala,MIN,2,0,0,0,1.2,1,0,1,1,0,0,0,0,0,0,0.00,1.20
Ryan O'Rourke,NYM,2,0,0,0,1.1,0,0,1,3,0,0,0,0,0,0,0.00,2.25
Nick Rumbelow,SEA,3,0,0,0,1.1,3,4,2,1,2,0,0,1,0,0,27.00,3.00
Tony Barnette,CHC,2,0,0,0,1.1,2,1,0,0,1,0,0,0,0,0,6.75,1.50
Jimmy Cordero,TOR,1,0,0,0,1.1,2,1,0,0,1,0,1,0,0,0,6.75,1.50
Ryan Dull,TOR,1,0,0,0,1.1,1,1,3,0,1,0,0,0,0,0,6.75,0.75
Zac Rosscup,TOR,2,0,0,0,1.0,3,3,2,2,0,0,0,0,0,0,27.00,5.00
Chris Ellis,KC,1,0,0,0,1.0,1,0,0,1,0,0,0,0,0,0,0.00,2.00
Austin Adams,WAS,1,0,0,0,1.0,0,1,2,2,0,0,0,0,0,0,9.00,2.00
Chris Rusin,COL,2,0,0,0,1.0,5,4,0,1,1,0,0,0,0,0,36.00,6.00
Taijuan Walker,ARI,1,1,0,0,1.0,1,0,1,0,0,0,0,0,0,0,0.00,1.00
Chase De Jong,MIN,1,0,0,0,1.0,3,4,0,3,1,0,0,0,0,0,36.00,6.00
Ben Lively,KC,1,0,0,0,1.0,3,3,1,0,1,0,0,0,0,0,27.00,3.00
Matt Ramsey,LAA,1,0,0,0,1.0,0,0,1,0,0,0,0,0,0,0,0.00,0.00
Donnie Hart,NYM,1,0,0,0,1.0,0,0,0,0,0,0,0,0,0,0,0.00,0.00
Sandy Baez,DET,1,0,0,0,1.0,2,1,0,0,0,0,0,0,0,0,9.00,2.00
Deolis Guerra,MIL,1,0,0,0,0.2,4,4,0,0,1,0,0,0,0,0,54.00,6.00
Dellin Betances,NYY,1,0,0,0,0.2,0,0,2,0,0,0,0,0,0,0,0.00,0.00
Pedro Araujo,BAL,1,0,0,0,0.2,2,2,0,1,1,0,0,0,0,0,27.00,4.50
Jose Castillo,SD,1,0,0,0,0.2,0,0,2,1,0,0,0,0,0,0,0.00,1.50
Yennsy Diaz,TOR,1,0,0,0,0.2,1,2,0,4,0,0,0,0,0,0,27.00,7.50
James Bourque,WAS,1,0,0,0,0.2,3,4,0,2,0,0,0,0,0,0,54.00,7.50
Austen Williams,WAS,2,0,0,0,0.1,5,6,1,1,2,0,0,0,0,0,162.00,18.00
Taylor Hearn,TEX,1,1,0,0,0.1,3,4,0,4,0,0,1,0,0,0,108.00,21.00